2026-08-06 21:53:58 - root - INFO - 
╔═══════════════════════════════════════════════════════╗
║                                                       ║
║   🚀 Funding Arbitrage Bot v1.0.0                    ║
║                                                       ║
║   📊 Анализ фандинга на Bybit                       ║
║   🤖 Telegram бот для арбитража                     ║
║                                                       ║
╚═══════════════════════════════════════════════════════╝
    
2026-08-06 21:53:58 - root - INFO - 📋 Текущие настройки:
2026-08-06 21:53:58 - root - INFO -   • Минимальный фандинг: 0.05%
2026-08-06 21:53:58 - root - INFO -   • Макс время до выплаты: 10 мин
2026-08-06 21:53:58 - root - INFO -   • Минимальный объем: $1,000,000
2026-08-06 21:53:58 - root - INFO -   • Интервал сканирования: 30 сек
2026-08-06 21:53:58 - root - INFO - 
2026-08-06 21:53:58 - root - INFO -   • Спот комиссия: 0.1% (покупка) + 0.1% (продажа)
2026-08-06 21:53:58 - root - INFO -   • Фьючерс комиссия: 0.02% (открытие) + 0.055% (закрытие)
2026-08-06 21:53:58 - root - INFO - ==================================================
2026-08-06 21:53:58 - root - INFO - ✅ Проверка окружения пройдена успешно
2026-08-06 21:53:58 - root - INFO - 📱 Инициализация Telegram бота...
2026-08-06 21:53:58 - root - INFO - ✅ Бот успешно инициализирован
2026-08-06 21:53:58 - root - INFO - 
2026-08-06 21:53:58 - root - INFO - 🚀 Запуск бота...
2026-08-06 21:53:58 - root - INFO - ⏳ Ожидайте уведомлений о найденных кандидатах
2026-08-06 21:53:58 - root - INFO - ==================================================
2026-08-06 21:53:58 - root - INFO - 
2026-08-06 21:53:58 - telegram_handlers - INFO - 🚀 Запуск Telegram бота...
2026-08-06 21:54:01 - httpx - INFO - HTTP Request: POST https://api.telegram.org/bot8846739306:AAEAoXLwx1EpuNrXsFgZ7qG2tF65t6ggNhg/getMe "HTTP/1.1 200 OK"
2026-08-06 21:54:01 - telegram.ext.Application - INFO - Application started
2026-08-06 21:54:01 - httpx - INFO - HTTP Request: POST https://api.telegram.org/bot8846739306:AAEAoXLwx1EpuNrXsFgZ7qG2tF65t6ggNhg/deleteWebhook "HTTP/1.1 200 OK"
2026-08-06 21:54:01 - telegram_handlers - INFO - ✅ Бот успешно запущен и готов к работе!
2026-08-06 21:54:01 - telegram_handlers - INFO - 📱 Нажмите /start в Telegram для начала работы
2026-08-06 21:54:11 - httpx - INFO - HTTP Request: POST https://api.telegram.org/bot8846739306:AAEAoXLwx1EpuNrXsFgZ7qG2tF65t6ggNhg/getUpdates "HTTP/1.1 200 OK"
2026-08-06 21:54:21 - httpx - INFO - HTTP Request: POST https://api.telegram.org/bot8846739306:AAEAoXLwx1EpuNrXsFgZ7qG2tF65t6ggNhg/getUpdates "HTTP/1.1 200 OK"
2026-08-06 21:54:27 - httpx - INFO - HTTP Request: POST https://api.telegram.org/bot8846739306:AAEAoXLwx1EpuNrXsFgZ7qG2tF65t6ggNhg/getUpdates "HTTP/1.1 200 OK"
2026-08-06 21:54:27 - telegram_handlers - INFO - 👤 Новый пользователь: 462035571 (chat_id: 462035571)
2026-08-06 21:54:27 - telegram_handlers - ERROR - Ошибка: 'NoneType' object has no attribute 'run_once'
2026-08-06 21:54:28 - httpx - INFO - HTTP Request: POST https://api.telegram.org/bot8846739306:AAEAoXLwx1EpuNrXsFgZ7qG2tF65t6ggNhg/sendMessage "HTTP/1.1 200 OK"
2026-08-06 21:54:37 - httpx - INFO - HTTP Request: POST https://api.telegram.org/bot8846739306:AAEAoXLwx1EpuNrXsFgZ7qG2tF65t6ggNhg/getUpdates "HTTP/1.1 200 OK"
2026-08-06 21:54:47 - httpx - INFO - HTTP Request: POST https://api.telegram.org/bot8846739306:AAEAoXLwx1EpuNrXsFgZ7qG2tF65t6ggNhg/getUpdates "HTTP/1.1 200 OK"
2026-08-06 21:54:57 - httpx - INFO - HTTP Request: POST https://api.telegram.org/bot8846739306:AAEAoXLwx1EpuNrXsFgZ7qG2tF65t6ggNhg/getUpdates "HTTP/1.1 200 OK"
2026-08-06 21:55:08 - httpx - INFO - HTTP Request: POST https://api.telegram.org/bot8846739306:AAEAoXLwx1EpuNrXsFgZ7qG2tF65t6ggNhg/getUpdates "HTTP/1.1 200 OK"
2026-08-06 21:55:13 - telegram.ext.Application - WARNING - Fetching updates got a asyncio.CancelledError. Ignoring as this task may onlybe closed via `Application.stop`.
2026-08-06 21:55:13 - telegram.ext.Application - INFO - Application is stopping. This might take a moment.
2026-08-06 21:55:13 - telegram.ext.Application - INFO - Application.stop() complete
2026-08-06 21:55:13 - httpx - INFO - HTTP Request: POST https://api.telegram.org/bot8846739306:AAEAoXLwx1EpuNrXsFgZ7qG2tF65t6ggNhg/getUpdates "HTTP/1.1 200 OK"
2026-08-06 21:55:13 - telegram_handlers - INFO - 👋 Бот завершил работу
2026-08-06 21:55:13 - root - INFO - 👋 Бот завершил работу
2026-08-06 21:57:10 - root - INFO - 
╔═══════════════════════════════════════════════════════╗
║                                                       ║
║   🚀 Funding Arbitrage Bot v1.0.0                    ║
║                                                       ║
║   📊 Анализ фандинга на Bybit                       ║
║   🤖 Telegram бот для арбитража                     ║
║                                                       ║
╚═══════════════════════════════════════════════════════╝
    
2026-08-06 21:57:10 - root - INFO - 📋 Текущие настройки:
2026-08-06 21:57:10 - root - INFO -   • Минимальный фандинг: 0.05%
2026-08-06 21:57:10 - root - INFO -   • Макс время до выплаты: 10 мин
2026-08-06 21:57:10 - root - INFO -   • Минимальный объем: $1,000,000
2026-08-06 21:57:10 - root - INFO -   • Интервал сканирования: 30 сек
2026-08-06 21:57:10 - root - INFO - 
2026-08-06 21:57:10 - root - INFO -   • Спот комиссия: 0.1% (покупка) + 0.1% (продажа)
2026-08-06 21:57:10 - root - INFO -   • Фьючерс комиссия: 0.02% (открытие) + 0.055% (закрытие)
2026-08-06 21:57:10 - root - INFO - ==================================================
2026-08-06 21:57:10 - root - INFO - ✅ Проверка окружения пройдена успешно
2026-08-06 21:57:10 - root - INFO - 📱 Инициализация Telegram бота...
2026-08-06 21:57:10 - root - INFO - ✅ Бот успешно инициализирован
2026-08-06 21:57:10 - root - INFO - 
2026-08-06 21:57:10 - root - INFO - 🚀 Запуск бота...
2026-08-06 21:57:10 - root - INFO - ⏳ Ожидайте уведомлений о найденных кандидатах
2026-08-06 21:57:10 - root - INFO - ==================================================
2026-08-06 21:57:10 - root - INFO - 
2026-08-06 21:57:10 - telegram_handlers - INFO - 🚀 Запуск Telegram бота...
2026-08-06 21:57:10 - httpx - INFO - HTTP Request: POST https://api.telegram.org/bot8846739306:AAEAoXLwx1EpuNrXsFgZ7qG2tF65t6ggNhg/getMe "HTTP/1.1 200 OK"
2026-08-06 21:57:10 - apscheduler.scheduler - INFO - Scheduler started
2026-08-06 21:57:10 - telegram.ext.Application - INFO - Application started
2026-08-06 21:57:10 - httpx - INFO - HTTP Request: POST https://api.telegram.org/bot8846739306:AAEAoXLwx1EpuNrXsFgZ7qG2tF65t6ggNhg/deleteWebhook "HTTP/1.1 200 OK"
2026-08-06 21:57:10 - telegram_handlers - INFO - ✅ Бот успешно запущен и готов к работе!
2026-08-06 21:57:10 - telegram_handlers - INFO - 📱 Нажмите /start в Telegram для начала работы
2026-08-06 21:57:21 - httpx - INFO - HTTP Request: POST https://api.telegram.org/bot8846739306:AAEAoXLwx1EpuNrXsFgZ7qG2tF65t6ggNhg/getUpdates "HTTP/1.1 200 OK"
2026-08-06 21:57:21 - httpx - INFO - HTTP Request: POST https://api.telegram.org/bot8846739306:AAEAoXLwx1EpuNrXsFgZ7qG2tF65t6ggNhg/getUpdates "HTTP/1.1 200 OK"
2026-08-06 21:57:21 - telegram_handlers - INFO - 👤 Новый пользователь: 462035571 (chat_id: 462035571)
2026-08-06 21:57:21 - apscheduler.scheduler - INFO - Added job "start_scanner" to job store "default"
2026-08-06 21:57:21 - apscheduler.scheduler - INFO - Removed job 04d6512b2178496981b8f83855f6dea5
2026-08-06 21:57:21 - apscheduler.executors.default - INFO - Running job "start_scanner (trigger: date[2026-08-06 18:57:21 UTC], next run at: 2026-08-06 18:57:21 UTC)" (scheduled at 2026-08-06 18:57:21.650860+00:00)
2026-08-06 21:57:21 - telegram_handlers - INFO - 🔄 Запуск фонового сканера...
2026-08-06 21:57:21 - scanner - INFO - Starting scanner with interval 30 seconds
2026-08-06 21:57:21 - scanner - INFO - Starting scan for funding opportunities...
2026-08-06 21:57:22 - apscheduler.executors.default - INFO - Job "start_scanner (trigger: date[2026-08-06 18:57:21 UTC], next run at: 2026-08-06 18:57:21 UTC)" executed successfully
2026-08-06 21:57:22 - httpx - INFO - HTTP Request: POST https://api.telegram.org/bot8846739306:AAEAoXLwx1EpuNrXsFgZ7qG2tF65t6ggNhg/sendMessage "HTTP/1.1 400 Bad Request"
2026-08-06 21:57:22 - telegram_handlers - ERROR - Ошибка: Can't parse entities: unsupported start tag "=" at byte offset 375
2026-08-06 21:57:22 - httpx - INFO - HTTP Request: POST https://api.telegram.org/bot8846739306:AAEAoXLwx1EpuNrXsFgZ7qG2tF65t6ggNhg/sendMessage "HTTP/1.1 200 OK"
2026-08-06 21:57:31 - httpx - INFO - HTTP Request: POST https://api.telegram.org/bot8846739306:AAEAoXLwx1EpuNrXsFgZ7qG2tF65t6ggNhg/getUpdates "HTTP/1.1 200 OK"
2026-08-06 21:57:41 - httpx - INFO - HTTP Request: POST https://api.telegram.org/bot8846739306:AAEAoXLwx1EpuNrXsFgZ7qG2tF65t6ggNhg/getUpdates "HTTP/1.1 200 OK"
2026-08-06 21:57:51 - httpx - INFO - HTTP Request: POST https://api.telegram.org/bot8846739306:AAEAoXLwx1EpuNrXsFgZ7qG2tF65t6ggNhg/getUpdates "HTTP/1.1 200 OK"
2026-08-06 21:57:52 - scanner - INFO - Starting scan for funding opportunities...
2026-08-06 21:58:01 - httpx - INFO - HTTP Request: POST https://api.telegram.org/bot8846739306:AAEAoXLwx1EpuNrXsFgZ7qG2tF65t6ggNhg/getUpdates "HTTP/1.1 200 OK"
2026-08-06 21:58:10 - telegram.ext.Application - WARNING - Fetching updates got a asyncio.CancelledError. Ignoring as this task may onlybe closed via `Application.stop`.
2026-08-06 21:58:10 - telegram.ext.Application - INFO - Application is stopping. This might take a moment.
2026-08-06 21:58:10 - apscheduler.scheduler - INFO - Scheduler has been shut down
2026-08-06 21:58:10 - telegram.ext.Application - INFO - Application.stop() complete
2026-08-06 21:58:10 - httpx - INFO - HTTP Request: POST https://api.telegram.org/bot8846739306:AAEAoXLwx1EpuNrXsFgZ7qG2tF65t6ggNhg/getUpdates "HTTP/1.1 200 OK"
2026-08-06 21:58:10 - telegram_handlers - INFO - 👋 Бот завершил работу
2026-08-06 21:58:10 - root - INFO - 👋 Бот завершил работу
2026-08-06 21:59:43 - root - INFO - 
╔═══════════════════════════════════════════════════════╗
║                                                       ║
║   🚀 Funding Arbitrage Bot v1.0.0                    ║
║                                                       ║
║   📊 Анализ фандинга на Bybit                       ║
║   🤖 Telegram бот для арбитража                     ║
║                                                       ║
╚═══════════════════════════════════════════════════════╝
    
2026-08-06 21:59:43 - root - INFO - 📋 Текущие настройки:
2026-08-06 21:59:43 - root - INFO -   • Минимальный фандинг: 0.05%
2026-08-06 21:59:43 - root - INFO -   • Макс время до выплаты: 10 мин
2026-08-06 21:59:43 - root - INFO -   • Минимальный объем: $1,000,000
2026-08-06 21:59:43 - root - INFO -   • Интервал сканирования: 30 сек
2026-08-06 21:59:43 - root - INFO - 
2026-08-06 21:59:43 - root - INFO -   • Спот комиссия: 0.1% (покупка) + 0.1% (продажа)
2026-08-06 21:59:43 - root - INFO -   • Фьючерс комиссия: 0.02% (открытие) + 0.055% (закрытие)
2026-08-06 21:59:43 - root - INFO - ==================================================
2026-08-06 21:59:43 - root - INFO - ✅ Проверка окружения пройдена успешно
2026-08-06 21:59:43 - root - INFO - 📱 Инициализация Telegram бота...
2026-08-06 21:59:44 - root - INFO - ✅ Бот успешно инициализирован
2026-08-06 21:59:44 - root - INFO - 
2026-08-06 21:59:44 - root - INFO - 🚀 Запуск бота...
2026-08-06 21:59:44 - root - INFO - ⏳ Ожидайте уведомлений о найденных кандидатах
2026-08-06 21:59:44 - root - INFO - ==================================================
2026-08-06 21:59:44 - root - INFO - 
2026-08-06 21:59:44 - telegram_handlers - INFO - 🚀 Запуск Telegram бота...
2026-08-06 21:59:44 - telegram_handlers - INFO - 🔄 Запуск фонового сканера...
2026-08-06 21:59:44 - scanner - INFO - Starting scanner with interval 30 seconds
2026-08-06 21:59:44 - scanner - INFO - Starting scan for funding opportunities...
2026-08-06 21:59:45 - httpx - INFO - HTTP Request: POST https://api.telegram.org/bot8846739306:AAEAoXLwx1EpuNrXsFgZ7qG2tF65t6ggNhg/getMe "HTTP/1.1 200 OK"
2026-08-06 21:59:45 - apscheduler.scheduler - INFO - Scheduler started
2026-08-06 21:59:45 - telegram.ext.Application - INFO - Application started
2026-08-06 21:59:45 - httpx - INFO - HTTP Request: POST https://api.telegram.org/bot8846739306:AAEAoXLwx1EpuNrXsFgZ7qG2tF65t6ggNhg/deleteWebhook "HTTP/1.1 200 OK"
2026-08-06 21:59:45 - telegram_handlers - INFO - ✅ Бот успешно запущен и готов к работе!
2026-08-06 21:59:45 - telegram_handlers - INFO - 📱 Нажмите /start в Telegram для начала работы
2026-08-06 21:59:55 - httpx - INFO - HTTP Request: POST https://api.telegram.org/bot8846739306:AAEAoXLwx1EpuNrXsFgZ7qG2tF65t6ggNhg/getUpdates "HTTP/1.1 200 OK"
2026-08-06 21:59:56 - httpx - INFO - HTTP Request: POST https://api.telegram.org/bot8846739306:AAEAoXLwx1EpuNrXsFgZ7qG2tF65t6ggNhg/getUpdates "HTTP/1.1 200 OK"
2026-08-06 21:59:56 - telegram_handlers - INFO - 👤 Новый пользователь: 462035571 (chat_id: 462035571)
2026-08-06 21:59:56 - httpx - INFO - HTTP Request: POST https://api.telegram.org/bot8846739306:AAEAoXLwx1EpuNrXsFgZ7qG2tF65t6ggNhg/sendMessage "HTTP/1.1 400 Bad Request"
2026-08-06 21:59:56 - telegram_handlers - ERROR - Ошибка: Can't parse entities: unsupported start tag "=" at byte offset 376
2026-08-06 21:59:56 - httpx - INFO - HTTP Request: POST https://api.telegram.org/bot8846739306:AAEAoXLwx1EpuNrXsFgZ7qG2tF65t6ggNhg/sendMessage "HTTP/1.1 200 OK"
2026-08-06 22:00:06 - httpx - INFO - HTTP Request: POST https://api.telegram.org/bot8846739306:AAEAoXLwx1EpuNrXsFgZ7qG2tF65t6ggNhg/getUpdates "HTTP/1.1 200 OK"
2026-08-06 22:00:14 - scanner - INFO - Starting scan for funding opportunities...
2026-08-06 22:00:16 - httpx - INFO - HTTP Request: POST https://api.telegram.org/bot8846739306:AAEAoXLwx1EpuNrXsFgZ7qG2tF65t6ggNhg/getUpdates "HTTP/1.1 200 OK"
2026-08-06 22:00:26 - httpx - INFO - HTTP Request: POST https://api.telegram.org/bot8846739306:AAEAoXLwx1EpuNrXsFgZ7qG2tF65t6ggNhg/getUpdates "HTTP/1.1 200 OK"
2026-08-06 22:00:36 - httpx - INFO - HTTP Request: POST https://api.telegram.org/bot8846739306:AAEAoXLwx1EpuNrXsFgZ7qG2tF65t6ggNhg/getUpdates "HTTP/1.1 200 OK"
2026-08-06 22:00:45 - scanner - INFO - Starting scan for funding opportunities...
2026-08-06 22:00:46 - httpx - INFO - HTTP Request: POST https://api.telegram.org/bot8846739306:AAEAoXLwx1EpuNrXsFgZ7qG2tF65t6ggNhg/getUpdates "HTTP/1.1 200 OK"
2026-08-06 22:00:56 - httpx - INFO - HTTP Request: POST https://api.telegram.org/bot8846739306:AAEAoXLwx1EpuNrXsFgZ7qG2tF65t6ggNhg/getUpdates "HTTP/1.1 200 OK"
2026-08-06 22:01:06 - httpx - INFO - HTTP Request: POST https://api.telegram.org/bot8846739306:AAEAoXLwx1EpuNrXsFgZ7qG2tF65t6ggNhg/getUpdates "HTTP/1.1 200 OK"
2026-08-06 22:01:15 - scanner - INFO - Starting scan for funding opportunities...
2026-08-06 22:01:16 - httpx - INFO - HTTP Request: POST https://api.telegram.org/bot8846739306:AAEAoXLwx1EpuNrXsFgZ7qG2tF65t6ggNhg/getUpdates "HTTP/1.1 200 OK"
2026-08-06 22:01:26 - httpx - INFO - HTTP Request: POST https://api.telegram.org/bot8846739306:AAEAoXLwx1EpuNrXsFgZ7qG2tF65t6ggNhg/getUpdates "HTTP/1.1 200 OK"
2026-08-06 22:01:37 - httpx - INFO - HTTP Request: POST https://api.telegram.org/bot8846739306:AAEAoXLwx1EpuNrXsFgZ7qG2tF65t6ggNhg/getUpdates "HTTP/1.1 200 OK"
2026-08-06 22:01:45 - scanner - INFO - Starting scan for funding opportunities...
2026-08-06 22:01:47 - httpx - INFO - HTTP Request: POST https://api.telegram.org/bot8846739306:AAEAoXLwx1EpuNrXsFgZ7qG2tF65t6ggNhg/getUpdates "HTTP/1.1 200 OK"
2026-08-06 22:01:57 - httpx - INFO - HTTP Request: POST https://api.telegram.org/bot8846739306:AAEAoXLwx1EpuNrXsFgZ7qG2tF65t6ggNhg/getUpdates "HTTP/1.1 200 OK"
2026-08-06 22:02:07 - httpx - INFO - HTTP Request: POST https://api.telegram.org/bot8846739306:AAEAoXLwx1EpuNrXsFgZ7qG2tF65t6ggNhg/getUpdates "HTTP/1.1 200 OK"
2026-08-06 22:02:16 - scanner - INFO - Starting scan for funding opportunities...
2026-08-06 22:02:17 - httpx - INFO - HTTP Request: POST https://api.telegram.org/bot8846739306:AAEAoXLwx1EpuNrXsFgZ7qG2tF65t6ggNhg/getUpdates "HTTP/1.1 200 OK"
2026-08-06 22:02:27 - httpx - INFO - HTTP Request: POST https://api.telegram.org/bot8846739306:AAEAoXLwx1EpuNrXsFgZ7qG2tF65t6ggNhg/getUpdates "HTTP/1.1 200 OK"
2026-08-06 22:02:37 - httpx - INFO - HTTP Request: POST https://api.telegram.org/bot8846739306:AAEAoXLwx1EpuNrXsFgZ7qG2tF65t6ggNhg/getUpdates "HTTP/1.1 200 OK"
2026-08-06 22:02:46 - scanner - INFO - Starting scan for funding opportunities...
2026-08-06 22:02:47 - telegram.ext.Application - WARNING - Fetching updates got a asyncio.CancelledError. Ignoring as this task may onlybe closed via `Application.stop`.
2026-08-06 22:02:47 - telegram.ext.Application - INFO - Application is stopping. This might take a moment.
2026-08-06 22:02:47 - apscheduler.scheduler - INFO - Scheduler has been shut down
2026-08-06 22:02:47 - telegram.ext.Application - INFO - Application.stop() complete
2026-08-06 22:02:47 - httpx - INFO - HTTP Request: POST https://api.telegram.org/bot8846739306:AAEAoXLwx1EpuNrXsFgZ7qG2tF65t6ggNhg/getUpdates "HTTP/1.1 200 OK"
2026-08-06 22:02:47 - telegram_handlers - INFO - 👋 Бот завершил работу
2026-08-06 22:02:47 - root - INFO - 👋 Бот завершил работу
2026-08-06 22:03:23 - root - INFO - 
╔═══════════════════════════════════════════════════════╗
║                                                       ║
║   🚀 Funding Arbitrage Bot v1.0.0                    ║
║                                                       ║
║   📊 Анализ фандинга на Bybit                       ║
║   🤖 Telegram бот для арбитража                     ║
║                                                       ║
╚═══════════════════════════════════════════════════════╝
    
2026-08-06 22:03:23 - root - INFO - 📋 Текущие настройки:
2026-08-06 22:03:23 - root - INFO -   • Минимальный фандинг: 0.05%
2026-08-06 22:03:23 - root - INFO -   • Макс время до выплаты: 10 мин
2026-08-06 22:03:23 - root - INFO -   • Минимальный объем: $1,000,000
2026-08-06 22:03:23 - root - INFO -   • Интервал сканирования: 30 сек
2026-08-06 22:03:23 - root - INFO - 
2026-08-06 22:03:23 - root - INFO -   • Спот комиссия: 0.1% (покупка) + 0.1% (продажа)
2026-08-06 22:03:23 - root - INFO -   • Фьючерс комиссия: 0.02% (открытие) + 0.055% (закрытие)
2026-08-06 22:03:23 - root - INFO - ==================================================
2026-08-06 22:03:23 - root - INFO - ✅ Проверка окружения пройдена успешно
2026-08-06 22:03:23 - root - INFO - 📱 Инициализация Telegram бота...
2026-08-06 22:03:23 - root - INFO - ✅ Бот успешно инициализирован
2026-08-06 22:03:23 - root - INFO - 
2026-08-06 22:03:23 - root - INFO - 🚀 Запуск бота...
2026-08-06 22:03:23 - root - INFO - ⏳ Ожидайте уведомлений о найденных кандидатах
2026-08-06 22:03:23 - root - INFO - ==================================================
2026-08-06 22:03:23 - root - INFO - 
2026-08-06 22:03:23 - telegram_handlers - INFO - 🚀 Запуск Telegram бота...
2026-08-06 22:03:23 - telegram_handlers - INFO - 🔄 Запуск фонового сканера...
2026-08-06 22:03:23 - scanner - INFO - Starting scanner with interval 30 seconds
2026-08-06 22:03:23 - scanner - INFO - Starting scan for funding opportunities...
2026-08-06 22:03:24 - httpx - INFO - HTTP Request: POST https://api.telegram.org/bot8846739306:AAEAoXLwx1EpuNrXsFgZ7qG2tF65t6ggNhg/getMe "HTTP/1.1 200 OK"
2026-08-06 22:03:24 - apscheduler.scheduler - INFO - Scheduler started
2026-08-06 22:03:24 - telegram.ext.Application - INFO - Application started
2026-08-06 22:03:24 - httpx - INFO - HTTP Request: POST https://api.telegram.org/bot8846739306:AAEAoXLwx1EpuNrXsFgZ7qG2tF65t6ggNhg/deleteWebhook "HTTP/1.1 200 OK"
2026-08-06 22:03:24 - telegram_handlers - INFO - ✅ Бот успешно запущен и готов к работе!
2026-08-06 22:03:24 - telegram_handlers - INFO - 📱 Нажмите /start в Telegram для начала работы
2026-08-06 22:03:34 - httpx - INFO - HTTP Request: POST https://api.telegram.org/bot8846739306:AAEAoXLwx1EpuNrXsFgZ7qG2tF65t6ggNhg/getUpdates "HTTP/1.1 200 OK"
2026-08-06 22:03:34 - telegram_handlers - INFO - 👤 Новый пользователь: 462035571 (chat_id: 462035571)
2026-08-06 22:03:34 - httpx - INFO - HTTP Request: POST https://api.telegram.org/bot8846739306:AAEAoXLwx1EpuNrXsFgZ7qG2tF65t6ggNhg/sendMessage "HTTP/1.1 200 OK"
2026-08-06 22:03:44 - httpx - INFO - HTTP Request: POST https://api.telegram.org/bot8846739306:AAEAoXLwx1EpuNrXsFgZ7qG2tF65t6ggNhg/getUpdates "HTTP/1.1 200 OK"
2026-08-06 22:03:54 - httpx - INFO - HTTP Request: POST https://api.telegram.org/bot8846739306:AAEAoXLwx1EpuNrXsFgZ7qG2tF65t6ggNhg/getUpdates "HTTP/1.1 200 OK"
2026-08-06 22:03:54 - scanner - INFO - Starting scan for funding opportunities...
2026-08-06 22:04:04 - httpx - INFO - HTTP Request: POST https://api.telegram.org/bot8846739306:AAEAoXLwx1EpuNrXsFgZ7qG2tF65t6ggNhg/getUpdates "HTTP/1.1 200 OK"
2026-08-06 22:04:14 - httpx - INFO - HTTP Request: POST https://api.telegram.org/bot8846739306:AAEAoXLwx1EpuNrXsFgZ7qG2tF65t6ggNhg/getUpdates "HTTP/1.1 200 OK"
2026-08-06 22:04:24 - httpx - INFO - HTTP Request: POST https://api.telegram.org/bot8846739306:AAEAoXLwx1EpuNrXsFgZ7qG2tF65t6ggNhg/getUpdates "HTTP/1.1 200 OK"
2026-08-06 22:04:24 - scanner - INFO - Starting scan for funding opportunities...
2026-08-06 22:04:34 - httpx - INFO - HTTP Request: POST https://api.telegram.org/bot8846739306:AAEAoXLwx1EpuNrXsFgZ7qG2tF65t6ggNhg/getUpdates "HTTP/1.1 200 OK"
2026-08-06 22:04:44 - httpx - INFO - HTTP Request: POST https://api.telegram.org/bot8846739306:AAEAoXLwx1EpuNrXsFgZ7qG2tF65t6ggNhg/getUpdates "HTTP/1.1 200 OK"
2026-08-06 22:04:54 - httpx - INFO - HTTP Request: POST https://api.telegram.org/bot8846739306:AAEAoXLwx1EpuNrXsFgZ7qG2tF65t6ggNhg/getUpdates "HTTP/1.1 200 OK"
2026-08-06 22:04:55 - scanner - INFO - Starting scan for funding opportunities...
2026-08-06 22:05:04 - httpx - INFO - HTTP Request: POST https://api.telegram.org/bot8846739306:AAEAoXLwx1EpuNrXsFgZ7qG2tF65t6ggNhg/getUpdates "HTTP/1.1 200 OK"
2026-08-06 22:05:14 - httpx - INFO - HTTP Request: POST https://api.telegram.org/bot8846739306:AAEAoXLwx1EpuNrXsFgZ7qG2tF65t6ggNhg/getUpdates "HTTP/1.1 200 OK"
2026-08-06 22:05:24 - httpx - INFO - HTTP Request: POST https://api.telegram.org/bot8846739306:AAEAoXLwx1EpuNrXsFgZ7qG2tF65t6ggNhg/getUpdates "HTTP/1.1 200 OK"
2026-08-06 22:05:27 - scanner - INFO - Starting scan for funding opportunities...
2026-08-06 22:05:35 - httpx - INFO - HTTP Request: POST https://api.telegram.org/bot8846739306:AAEAoXLwx1EpuNrXsFgZ7qG2tF65t6ggNhg/getUpdates "HTTP/1.1 200 OK"
2026-08-06 22:05:45 - httpx - INFO - HTTP Request: POST https://api.telegram.org/bot8846739306:AAEAoXLwx1EpuNrXsFgZ7qG2tF65t6ggNhg/getUpdates "HTTP/1.1 200 OK"
2026-08-06 22:05:55 - httpx - INFO - HTTP Request: POST https://api.telegram.org/bot8846739306:AAEAoXLwx1EpuNrXsFgZ7qG2tF65t6ggNhg/getUpdates "HTTP/1.1 200 OK"
2026-08-06 22:05:57 - scanner - INFO - Starting scan for funding opportunities...
2026-08-06 22:06:03 - httpx - INFO - HTTP Request: POST https://api.telegram.org/bot8846739306:AAEAoXLwx1EpuNrXsFgZ7qG2tF65t6ggNhg/getUpdates "HTTP/1.1 200 OK"
2026-08-06 22:06:03 - httpx - INFO - HTTP Request: POST https://api.telegram.org/bot8846739306:AAEAoXLwx1EpuNrXsFgZ7qG2tF65t6ggNhg/sendMessage "HTTP/1.1 200 OK"
2026-08-06 22:06:13 - httpx - INFO - HTTP Request: POST https://api.telegram.org/bot8846739306:AAEAoXLwx1EpuNrXsFgZ7qG2tF65t6ggNhg/getUpdates "HTTP/1.1 200 OK"
2026-08-06 22:06:23 - httpx - INFO - HTTP Request: POST https://api.telegram.org/bot8846739306:AAEAoXLwx1EpuNrXsFgZ7qG2tF65t6ggNhg/getUpdates "HTTP/1.1 200 OK"
2026-08-06 22:06:27 - scanner - INFO - Starting scan for funding opportunities...
2026-08-06 22:06:33 - httpx - INFO - HTTP Request: POST https://api.telegram.org/bot8846739306:AAEAoXLwx1EpuNrXsFgZ7qG2tF65t6ggNhg/getUpdates "HTTP/1.1 200 OK"
2026-08-06 22:06:34 - telegram.ext.Application - WARNING - Fetching updates got a asyncio.CancelledError. Ignoring as this task may onlybe closed via `Application.stop`.
2026-08-06 22:06:34 - telegram.ext.Application - INFO - Application is stopping. This might take a moment.
2026-08-06 22:06:34 - apscheduler.scheduler - INFO - Scheduler has been shut down
2026-08-06 22:06:34 - telegram.ext.Application - INFO - Application.stop() complete
2026-08-06 22:06:37 - httpx - INFO - HTTP Request: POST https://api.telegram.org/bot8846739306:AAEAoXLwx1EpuNrXsFgZ7qG2tF65t6ggNhg/getUpdates "HTTP/1.1 200 OK"
2026-08-06 22:06:37 - telegram_handlers - INFO - 👋 Бот завершил работу
2026-08-06 22:06:37 - root - INFO - 👋 Бот завершил работу
2026-08-06 22:50:51 - root - INFO - 
╔═══════════════════════════════════════════════════════╗
║                                                       ║
║   🚀 Funding Arbitrage Bot v1.0.0                    ║
║                                                       ║
║   📊 Анализ фандинга на Bybit                       ║
║   🤖 Telegram бот для арбитража                     ║
║                                                       ║
╚═══════════════════════════════════════════════════════╝
    
2026-08-06 22:50:51 - root - INFO - 📋 Текущие настройки:
2026-08-06 22:50:51 - root - INFO -   • Минимальный фандинг: 0.05%
2026-08-06 22:50:51 - root - INFO -   • Макс время до выплаты: 10 мин
2026-08-06 22:50:51 - root - INFO -   • Минимальный объем: $1,000,000
2026-08-06 22:50:51 - root - INFO -   • Интервал сканирования: 30 сек
2026-08-06 22:50:51 - root - INFO - 
2026-08-06 22:50:51 - root - INFO -   • Спот комиссия: 0.1% (покупка) + 0.1% (продажа)
2026-08-06 22:50:51 - root - INFO -   • Фьючерс комиссия: 0.02% (открытие) + 0.055% (закрытие)
2026-08-06 22:50:51 - root - INFO - ==================================================
2026-08-06 22:50:51 - root - INFO - ✅ Проверка окружения пройдена успешно
2026-08-06 22:50:51 - root - INFO - 📱 Инициализация Telegram бота...
2026-08-06 22:50:51 - root - INFO - ✅ Бот успешно инициализирован
2026-08-06 22:50:51 - root - INFO - 
2026-08-06 22:50:51 - root - INFO - 🚀 Запуск бота...
2026-08-06 22:50:51 - root - INFO - ⏳ Ожидайте уведомлений о найденных кандидатах
2026-08-06 22:50:51 - root - INFO - ==================================================
2026-08-06 22:50:51 - root - INFO - 
2026-08-06 22:50:51 - telegram_handlers - INFO - 🚀 Запуск Telegram бота...
2026-08-06 22:50:52 - httpx - INFO - HTTP Request: POST https://api.telegram.org/bot8846739306:AAEAoXLwx1EpuNrXsFgZ7qG2tF65t6ggNhg/deleteWebhook "HTTP/1.1 200 OK"
2026-08-06 22:50:52 - telegram_handlers - INFO - 🔄 Запуск фонового сканера...
2026-08-06 22:50:52 - scanner - INFO - Starting scanner with interval 30 seconds
2026-08-06 22:50:52 - scanner - INFO - Starting scan for funding opportunities...
2026-08-06 22:50:52 - httpx - INFO - HTTP Request: POST https://api.telegram.org/bot8846739306:AAEAoXLwx1EpuNrXsFgZ7qG2tF65t6ggNhg/getMe "HTTP/1.1 200 OK"
2026-08-06 22:50:52 - apscheduler.scheduler - INFO - Scheduler started
2026-08-06 22:50:52 - telegram.ext.Application - INFO - Application started
2026-08-06 22:50:52 - httpx - INFO - HTTP Request: POST https://api.telegram.org/bot8846739306:AAEAoXLwx1EpuNrXsFgZ7qG2tF65t6ggNhg/deleteWebhook "HTTP/1.1 200 OK"
2026-08-06 22:50:52 - telegram_handlers - INFO - ✅ Бот успешно запущен и готов к работе!
2026-08-06 22:50:52 - telegram_handlers - INFO - 📱 Нажмите /start в Telegram для начала работы
2026-08-06 22:50:57 - httpx - INFO - HTTP Request: POST https://api.telegram.org/bot8846739306:AAEAoXLwx1EpuNrXsFgZ7qG2tF65t6ggNhg/getUpdates "HTTP/1.1 409 Conflict"
2026-08-06 22:50:57 - telegram.ext.Updater - ERROR - Error while getting Updates: Conflict: terminated by other getUpdates request; make sure that only one bot instance is running
2026-08-06 22:50:57 - telegram.ext.Updater - ERROR - Exception happened while polling for updates.
Traceback (most recent call last):
  File "C:\Users\Alexandr\Desktop\Трейдинг\Fandingeasy\venv\lib\site-packages\telegram\ext\_updater.py", line 688, in _network_loop_retry
    if not await action_cb():
  File "C:\Users\Alexandr\Desktop\Трейдинг\Fandingeasy\venv\lib\site-packages\telegram\ext\_updater.py", line 384, in polling_action_cb
    raise exc
  File "C:\Users\Alexandr\Desktop\Трейдинг\Fandingeasy\venv\lib\site-packages\telegram\ext\_updater.py", line 373, in polling_action_cb
    updates = await self.bot.get_updates(
  File "C:\Users\Alexandr\Desktop\Трейдинг\Fandingeasy\venv\lib\site-packages\telegram\ext\_extbot.py", line 558, in get_updates
    updates = await super().get_updates(
  File "C:\Users\Alexandr\Desktop\Трейдинг\Fandingeasy\venv\lib\site-packages\telegram\_bot.py", line 525, in decorator
    result = await func(self, *args, **kwargs)  # skipcq: PYL-E1102
  File "C:\Users\Alexandr\Desktop\Трейдинг\Fandingeasy\venv\lib\site-packages\telegram\_bot.py", line 3584, in get_updates
    await self._post(
  File "C:\Users\Alexandr\Desktop\Трейдинг\Fandingeasy\venv\lib\site-packages\telegram\_bot.py", line 613, in _post
    return await self._do_post(
  File "C:\Users\Alexandr\Desktop\Трейдинг\Fandingeasy\venv\lib\site-packages\telegram\ext\_extbot.py", line 340, in _do_post
    return await super()._do_post(
  File "C:\Users\Alexandr\Desktop\Трейдинг\Fandingeasy\venv\lib\site-packages\telegram\_bot.py", line 641, in _do_post
    return await request.post(
  File "C:\Users\Alexandr\Desktop\Трейдинг\Fandingeasy\venv\lib\site-packages\telegram\request\_baserequest.py", line 200, in post
    result = await self._request_wrapper(
  File "C:\Users\Alexandr\Desktop\Трейдинг\Fandingeasy\venv\lib\site-packages\telegram\request\_baserequest.py", line 381, in _request_wrapper
    raise Conflict(message)
telegram.error.Conflict: Conflict: terminated by other getUpdates request; make sure that only one bot instance is running
2026-08-06 22:51:03 - httpx - INFO - HTTP Request: POST https://api.telegram.org/bot8846739306:AAEAoXLwx1EpuNrXsFgZ7qG2tF65t6ggNhg/getUpdates "HTTP/1.1 409 Conflict"
2026-08-06 22:51:03 - telegram.ext.Updater - ERROR - Error while getting Updates: Conflict: terminated by other getUpdates request; make sure that only one bot instance is running
2026-08-06 22:51:03 - telegram.ext.Updater - ERROR - Exception happened while polling for updates.
Traceback (most recent call last):
  File "C:\Users\Alexandr\Desktop\Трейдинг\Fandingeasy\venv\lib\site-packages\telegram\ext\_updater.py", line 688, in _network_loop_retry
    if not await action_cb():
  File "C:\Users\Alexandr\Desktop\Трейдинг\Fandingeasy\venv\lib\site-packages\telegram\ext\_updater.py", line 384, in polling_action_cb
    raise exc
  File "C:\Users\Alexandr\Desktop\Трейдинг\Fandingeasy\venv\lib\site-packages\telegram\ext\_updater.py", line 373, in polling_action_cb
    updates = await self.bot.get_updates(
  File "C:\Users\Alexandr\Desktop\Трейдинг\Fandingeasy\venv\lib\site-packages\telegram\ext\_extbot.py", line 558, in get_updates
    updates = await super().get_updates(
  File "C:\Users\Alexandr\Desktop\Трейдинг\Fandingeasy\venv\lib\site-packages\telegram\_bot.py", line 525, in decorator
    result = await func(self, *args, **kwargs)  # skipcq: PYL-E1102
  File "C:\Users\Alexandr\Desktop\Трейдинг\Fandingeasy\venv\lib\site-packages\telegram\_bot.py", line 3584, in get_updates
    await self._post(
  File "C:\Users\Alexandr\Desktop\Трейдинг\Fandingeasy\venv\lib\site-packages\telegram\_bot.py", line 613, in _post
    return await self._do_post(
  File "C:\Users\Alexandr\Desktop\Трейдинг\Fandingeasy\venv\lib\site-packages\telegram\ext\_extbot.py", line 340, in _do_post
    return await super()._do_post(
  File "C:\Users\Alexandr\Desktop\Трейдинг\Fandingeasy\venv\lib\site-packages\telegram\_bot.py", line 641, in _do_post
    return await request.post(
  File "C:\Users\Alexandr\Desktop\Трейдинг\Fandingeasy\venv\lib\site-packages\telegram\request\_baserequest.py", line 200, in post
    result = await self._request_wrapper(
  File "C:\Users\Alexandr\Desktop\Трейдинг\Fandingeasy\venv\lib\site-packages\telegram\request\_baserequest.py", line 381, in _request_wrapper
    raise Conflict(message)
telegram.error.Conflict: Conflict: terminated by other getUpdates request; make sure that only one bot instance is running
2026-08-06 22:51:08 - httpx - INFO - HTTP Request: POST https://api.telegram.org/bot8846739306:AAEAoXLwx1EpuNrXsFgZ7qG2tF65t6ggNhg/getUpdates "HTTP/1.1 409 Conflict"
2026-08-06 22:51:08 - telegram.ext.Updater - ERROR - Error while getting Updates: Conflict: terminated by other getUpdates request; make sure that only one bot instance is running
2026-08-06 22:51:08 - telegram.ext.Updater - ERROR - Exception happened while polling for updates.
Traceback (most recent call last):
  File "C:\Users\Alexandr\Desktop\Трейдинг\Fandingeasy\venv\lib\site-packages\telegram\ext\_updater.py", line 688, in _network_loop_retry
    if not await action_cb():
  File "C:\Users\Alexandr\Desktop\Трейдинг\Fandingeasy\venv\lib\site-packages\telegram\ext\_updater.py", line 384, in polling_action_cb
    raise exc
  File "C:\Users\Alexandr\Desktop\Трейдинг\Fandingeasy\venv\lib\site-packages\telegram\ext\_updater.py", line 373, in polling_action_cb
    updates = await self.bot.get_updates(
  File "C:\Users\Alexandr\Desktop\Трейдинг\Fandingeasy\venv\lib\site-packages\telegram\ext\_extbot.py", line 558, in get_updates
    updates = await super().get_updates(
  File "C:\Users\Alexandr\Desktop\Трейдинг\Fandingeasy\venv\lib\site-packages\telegram\_bot.py", line 525, in decorator
    result = await func(self, *args, **kwargs)  # skipcq: PYL-E1102
  File "C:\Users\Alexandr\Desktop\Трейдинг\Fandingeasy\venv\lib\site-packages\telegram\_bot.py", line 3584, in get_updates
    await self._post(
  File "C:\Users\Alexandr\Desktop\Трейдинг\Fandingeasy\venv\lib\site-packages\telegram\_bot.py", line 613, in _post
    return await self._do_post(
  File "C:\Users\Alexandr\Desktop\Трейдинг\Fandingeasy\venv\lib\site-packages\telegram\ext\_extbot.py", line 340, in _do_post
    return await super()._do_post(
  File "C:\Users\Alexandr\Desktop\Трейдинг\Fandingeasy\venv\lib\site-packages\telegram\_bot.py", line 641, in _do_post
    return await request.post(
  File "C:\Users\Alexandr\Desktop\Трейдинг\Fandingeasy\venv\lib\site-packages\telegram\request\_baserequest.py", line 200, in post
    result = await self._request_wrapper(
  File "C:\Users\Alexandr\Desktop\Трейдинг\Fandingeasy\venv\lib\site-packages\telegram\request\_baserequest.py", line 381, in _request_wrapper
    raise Conflict(message)
telegram.error.Conflict: Conflict: terminated by other getUpdates request; make sure that only one bot instance is running
2026-08-06 22:51:08 - telegram.ext.Application - WARNING - Fetching updates got a asyncio.CancelledError. Ignoring as this task may onlybe closed via `Application.stop`.
2026-08-06 22:51:08 - telegram.ext.Application - INFO - Application is stopping. This might take a moment.
2026-08-06 22:51:08 - apscheduler.scheduler - INFO - Scheduler has been shut down
2026-08-06 22:51:08 - telegram.ext.Application - INFO - Application.stop() complete
2026-08-06 22:51:12 - httpx - INFO - HTTP Request: POST https://api.telegram.org/bot8846739306:AAEAoXLwx1EpuNrXsFgZ7qG2tF65t6ggNhg/getUpdates "HTTP/1.1 200 OK"
2026-08-06 22:51:12 - telegram_handlers - INFO - 👋 Бот завершил работу
2026-08-06 22:51:12 - root - INFO - 👋 Бот завершил работу
2026-08-06 22:51:15 - root - INFO - 
╔═══════════════════════════════════════════════════════╗
║                                                       ║
║   🚀 Funding Arbitrage Bot v1.0.0                    ║
║                                                       ║
║   📊 Анализ фандинга на Bybit                       ║
║   🤖 Telegram бот для арбитража                     ║
║                                                       ║
╚═══════════════════════════════════════════════════════╝
    
2026-08-06 22:51:15 - root - INFO - 📋 Текущие настройки:
2026-08-06 22:51:15 - root - INFO -   • Минимальный фандинг: 0.05%
2026-08-06 22:51:15 - root - INFO -   • Макс время до выплаты: 10 мин
2026-08-06 22:51:15 - root - INFO -   • Минимальный объем: $1,000,000
2026-08-06 22:51:15 - root - INFO -   • Интервал сканирования: 30 сек
2026-08-06 22:51:15 - root - INFO - 
2026-08-06 22:51:15 - root - INFO -   • Спот комиссия: 0.1% (покупка) + 0.1% (продажа)
2026-08-06 22:51:15 - root - INFO -   • Фьючерс комиссия: 0.02% (открытие) + 0.055% (закрытие)
2026-08-06 22:51:15 - root - INFO - ==================================================
2026-08-06 22:51:15 - root - INFO - ✅ Проверка окружения пройдена успешно
2026-08-06 22:51:15 - root - INFO - 📱 Инициализация Telegram бота...
2026-08-06 22:51:16 - root - INFO - ✅ Бот успешно инициализирован
2026-08-06 22:51:16 - root - INFO - 
2026-08-06 22:51:16 - root - INFO - 🚀 Запуск бота...
2026-08-06 22:51:16 - root - INFO - ⏳ Ожидайте уведомлений о найденных кандидатах
2026-08-06 22:51:16 - root - INFO - ==================================================
2026-08-06 22:51:16 - root - INFO - 
2026-08-06 22:51:16 - telegram_handlers - INFO - 🚀 Запуск Telegram бота...
2026-08-06 22:51:16 - httpx - INFO - HTTP Request: POST https://api.telegram.org/bot8846739306:AAEAoXLwx1EpuNrXsFgZ7qG2tF65t6ggNhg/deleteWebhook "HTTP/1.1 200 OK"
2026-08-06 22:51:16 - telegram_handlers - INFO - 🔄 Запуск фонового сканера...
2026-08-06 22:51:16 - scanner - INFO - Starting scanner with interval 30 seconds
2026-08-06 22:51:16 - scanner - INFO - Starting scan for funding opportunities...
2026-08-06 22:51:16 - httpx - INFO - HTTP Request: POST https://api.telegram.org/bot8846739306:AAEAoXLwx1EpuNrXsFgZ7qG2tF65t6ggNhg/getMe "HTTP/1.1 200 OK"
2026-08-06 22:51:16 - apscheduler.scheduler - INFO - Scheduler started
2026-08-06 22:51:16 - telegram.ext.Application - INFO - Application started
2026-08-06 22:51:16 - httpx - INFO - HTTP Request: POST https://api.telegram.org/bot8846739306:AAEAoXLwx1EpuNrXsFgZ7qG2tF65t6ggNhg/deleteWebhook "HTTP/1.1 200 OK"
2026-08-06 22:51:16 - telegram_handlers - INFO - ✅ Бот успешно запущен и готов к работе!
2026-08-06 22:51:16 - telegram_handlers - INFO - 📱 Нажмите /start в Telegram для начала работы
2026-08-06 22:51:21 - httpx - INFO - HTTP Request: POST https://api.telegram.org/bot8846739306:AAEAoXLwx1EpuNrXsFgZ7qG2tF65t6ggNhg/getUpdates "HTTP/1.1 200 OK"
2026-08-06 22:51:21 - telegram_handlers - INFO - 👤 Новый пользователь: 462035571 (chat_id: 462035571)
2026-08-06 22:51:21 - httpx - INFO - HTTP Request: POST https://api.telegram.org/bot8846739306:AAEAoXLwx1EpuNrXsFgZ7qG2tF65t6ggNhg/sendMessage "HTTP/1.1 200 OK"
2026-08-06 22:51:22 - httpx - INFO - HTTP Request: POST https://api.telegram.org/bot8846739306:AAEAoXLwx1EpuNrXsFgZ7qG2tF65t6ggNhg/getUpdates "HTTP/1.1 409 Conflict"
2026-08-06 22:51:22 - telegram.ext.Updater - ERROR - Error while getting Updates: Conflict: terminated by other getUpdates request; make sure that only one bot instance is running
2026-08-06 22:51:22 - telegram.ext.Updater - ERROR - Exception happened while polling for updates.
Traceback (most recent call last):
  File "C:\Users\Alexandr\Desktop\Трейдинг\Fandingeasy\venv\lib\site-packages\telegram\ext\_updater.py", line 688, in _network_loop_retry
    if not await action_cb():
  File "C:\Users\Alexandr\Desktop\Трейдинг\Fandingeasy\venv\lib\site-packages\telegram\ext\_updater.py", line 384, in polling_action_cb
    raise exc
  File "C:\Users\Alexandr\Desktop\Трейдинг\Fandingeasy\venv\lib\site-packages\telegram\ext\_updater.py", line 373, in polling_action_cb
    updates = await self.bot.get_updates(
  File "C:\Users\Alexandr\Desktop\Трейдинг\Fandingeasy\venv\lib\site-packages\telegram\ext\_extbot.py", line 558, in get_updates
    updates = await super().get_updates(
  File "C:\Users\Alexandr\Desktop\Трейдинг\Fandingeasy\venv\lib\site-packages\telegram\_bot.py", line 525, in decorator
    result = await func(self, *args, **kwargs)  # skipcq: PYL-E1102
  File "C:\Users\Alexandr\Desktop\Трейдинг\Fandingeasy\venv\lib\site-packages\telegram\_bot.py", line 3584, in get_updates
    await self._post(
  File "C:\Users\Alexandr\Desktop\Трейдинг\Fandingeasy\venv\lib\site-packages\telegram\_bot.py", line 613, in _post
    return await self._do_post(
  File "C:\Users\Alexandr\Desktop\Трейдинг\Fandingeasy\venv\lib\site-packages\telegram\ext\_extbot.py", line 340, in _do_post
    return await super()._do_post(
  File "C:\Users\Alexandr\Desktop\Трейдинг\Fandingeasy\venv\lib\site-packages\telegram\_bot.py", line 641, in _do_post
    return await request.post(
  File "C:\Users\Alexandr\Desktop\Трейдинг\Fandingeasy\venv\lib\site-packages\telegram\request\_baserequest.py", line 200, in post
    result = await self._request_wrapper(
  File "C:\Users\Alexandr\Desktop\Трейдинг\Fandingeasy\venv\lib\site-packages\telegram\request\_baserequest.py", line 381, in _request_wrapper
    raise Conflict(message)
telegram.error.Conflict: Conflict: terminated by other getUpdates request; make sure that only one bot instance is running
2026-08-06 22:51:33 - httpx - INFO - HTTP Request: POST https://api.telegram.org/bot8846739306:AAEAoXLwx1EpuNrXsFgZ7qG2tF65t6ggNhg/getUpdates "HTTP/1.1 200 OK"
2026-08-06 22:51:43 - httpx - INFO - HTTP Request: POST https://api.telegram.org/bot8846739306:AAEAoXLwx1EpuNrXsFgZ7qG2tF65t6ggNhg/getUpdates "HTTP/1.1 200 OK"
2026-08-06 22:51:46 - scanner - INFO - Starting scan for funding opportunities...
2026-08-06 22:51:53 - httpx - INFO - HTTP Request: POST https://api.telegram.org/bot8846739306:AAEAoXLwx1EpuNrXsFgZ7qG2tF65t6ggNhg/getUpdates "HTTP/1.1 200 OK"
2026-08-06 22:51:56 - httpx - INFO - HTTP Request: POST https://api.telegram.org/bot8846739306:AAEAoXLwx1EpuNrXsFgZ7qG2tF65t6ggNhg/getUpdates "HTTP/1.1 409 Conflict"
2026-08-06 22:51:56 - telegram.ext.Updater - ERROR - Error while getting Updates: Conflict: terminated by other getUpdates request; make sure that only one bot instance is running
2026-08-06 22:51:56 - telegram.ext.Updater - ERROR - Exception happened while polling for updates.
Traceback (most recent call last):
  File "C:\Users\Alexandr\Desktop\Трейдинг\Fandingeasy\venv\lib\site-packages\telegram\ext\_updater.py", line 688, in _network_loop_retry
    if not await action_cb():
  File "C:\Users\Alexandr\Desktop\Трейдинг\Fandingeasy\venv\lib\site-packages\telegram\ext\_updater.py", line 384, in polling_action_cb
    raise exc
  File "C:\Users\Alexandr\Desktop\Трейдинг\Fandingeasy\venv\lib\site-packages\telegram\ext\_updater.py", line 373, in polling_action_cb
    updates = await self.bot.get_updates(
  File "C:\Users\Alexandr\Desktop\Трейдинг\Fandingeasy\venv\lib\site-packages\telegram\ext\_extbot.py", line 558, in get_updates
    updates = await super().get_updates(
  File "C:\Users\Alexandr\Desktop\Трейдинг\Fandingeasy\venv\lib\site-packages\telegram\_bot.py", line 525, in decorator
    result = await func(self, *args, **kwargs)  # skipcq: PYL-E1102
  File "C:\Users\Alexandr\Desktop\Трейдинг\Fandingeasy\venv\lib\site-packages\telegram\_bot.py", line 3584, in get_updates
    await self._post(
  File "C:\Users\Alexandr\Desktop\Трейдинг\Fandingeasy\venv\lib\site-packages\telegram\_bot.py", line 613, in _post
    return await self._do_post(
  File "C:\Users\Alexandr\Desktop\Трейдинг\Fandingeasy\venv\lib\site-packages\telegram\ext\_extbot.py", line 340, in _do_post
    return await super()._do_post(
  File "C:\Users\Alexandr\Desktop\Трейдинг\Fandingeasy\venv\lib\site-packages\telegram\_bot.py", line 641, in _do_post
    return await request.post(
  File "C:\Users\Alexandr\Desktop\Трейдинг\Fandingeasy\venv\lib\site-packages\telegram\request\_baserequest.py", line 200, in post
    result = await self._request_wrapper(
  File "C:\Users\Alexandr\Desktop\Трейдинг\Fandingeasy\venv\lib\site-packages\telegram\request\_baserequest.py", line 381, in _request_wrapper
    raise Conflict(message)
telegram.error.Conflict: Conflict: terminated by other getUpdates request; make sure that only one bot instance is running
2026-08-06 22:52:07 - httpx - INFO - HTTP Request: POST https://api.telegram.org/bot8846739306:AAEAoXLwx1EpuNrXsFgZ7qG2tF65t6ggNhg/getUpdates "HTTP/1.1 200 OK"
2026-08-06 22:52:17 - scanner - INFO - Starting scan for funding opportunities...
2026-08-06 22:52:17 - httpx - INFO - HTTP Request: POST https://api.telegram.org/bot8846739306:AAEAoXLwx1EpuNrXsFgZ7qG2tF65t6ggNhg/getUpdates "HTTP/1.1 200 OK"
2026-08-06 22:52:27 - telegram.ext.Application - WARNING - Fetching updates got a asyncio.CancelledError. Ignoring as this task may onlybe closed via `Application.stop`.
2026-08-06 22:52:27 - telegram.ext.Application - INFO - Application is stopping. This might take a moment.
2026-08-06 22:52:27 - apscheduler.scheduler - INFO - Scheduler has been shut down
2026-08-06 22:52:27 - telegram.ext.Application - INFO - Application.stop() complete
2026-08-06 22:52:27 - httpx - INFO - HTTP Request: POST https://api.telegram.org/bot8846739306:AAEAoXLwx1EpuNrXsFgZ7qG2tF65t6ggNhg/getUpdates "HTTP/1.1 200 OK"
2026-08-06 22:52:27 - telegram_handlers - INFO - 👋 Бот завершил работу
2026-08-06 22:52:27 - root - INFO - 👋 Бот завершил работу
2026-08-06 23:22:09 - root - INFO - ============================================================
2026-08-06 23:22:09 - root - INFO - 🚀 Funding Arbitrage Bot v1.0.0
2026-08-06 23:22:09 - root - INFO - ============================================================
2026-08-06 23:22:09 - root - INFO - 🛑 Остановка всех Python процессов...
2026-08-06 23:23:39 - root - INFO - 
╔═══════════════════════════════════════════════════════╗
║                                                       ║
║   🚀 Funding Arbitrage Bot v1.0.0                    ║
║                                                       ║
║   📊 Анализ фандинга на Bybit                       ║
║   🤖 Telegram бот для арбитража                     ║
║                                                       ║
╚═══════════════════════════════════════════════════════╝
    
2026-08-06 23:23:39 - root - INFO - 📋 Текущие настройки:
2026-08-06 23:23:39 - root - INFO -   • Минимальный фандинг: 0.05%
2026-08-06 23:23:39 - root - INFO -   • Макс время до выплаты: 10 мин
2026-08-06 23:23:39 - root - INFO -   • Минимальный объем: $1,000,000
2026-08-06 23:23:39 - root - INFO -   • Интервал сканирования: 30 сек
2026-08-06 23:23:39 - root - INFO - 
2026-08-06 23:23:39 - root - INFO -   • Спот комиссия: 0.1% (покупка) + 0.1% (продажа)
2026-08-06 23:23:39 - root - INFO -   • Фьючерс комиссия: 0.02% (открытие) + 0.055% (закрытие)
2026-08-06 23:23:39 - root - INFO - ==================================================
2026-08-06 23:23:39 - root - INFO - ✅ Проверка окружения пройдена успешно
2026-08-06 23:23:39 - root - INFO - 📱 Инициализация Telegram бота...
2026-08-06 23:23:39 - root - INFO - ✅ Бот успешно инициализирован
2026-08-06 23:23:39 - root - INFO - 
2026-08-06 23:23:39 - root - INFO - 🚀 Запуск бота...
2026-08-06 23:23:39 - root - INFO - ⏳ Ожидайте уведомлений о найденных кандидатах
2026-08-06 23:23:39 - root - INFO - ==================================================
2026-08-06 23:23:39 - root - INFO - 
2026-08-06 23:23:39 - telegram_handlers - INFO - 🚀 Запуск Telegram бота...
2026-08-06 23:23:44 - telegram_handlers - ERROR - ❌ Критическая ошибка: Timed out
2026-08-06 23:23:44 - root - ERROR - ❌ Критическая ошибка: Timed out
2026-08-06 23:23:44 - root - INFO - 👋 Бот завершил работу
2026-08-06 23:24:28 - root - INFO - 
╔═══════════════════════════════════════════════════════╗
║                                                       ║
║   🚀 Funding Arbitrage Bot v1.0.0                    ║
║                                                       ║
║   📊 Анализ фандинга на Bybit                       ║
║   🤖 Telegram бот для арбитража                     ║
║                                                       ║
╚═══════════════════════════════════════════════════════╝
    
2026-08-06 23:24:28 - root - INFO - 📋 Текущие настройки:
2026-08-06 23:24:28 - root - INFO -   • Минимальный фандинг: 0.05%
2026-08-06 23:24:28 - root - INFO -   • Макс время до выплаты: 10 мин
2026-08-06 23:24:28 - root - INFO -   • Минимальный объем: $1,000,000
2026-08-06 23:24:28 - root - INFO -   • Интервал сканирования: 30 сек
2026-08-06 23:24:28 - root - INFO - 
2026-08-06 23:24:28 - root - INFO -   • Спот комиссия: 0.1% (покупка) + 0.1% (продажа)
2026-08-06 23:24:28 - root - INFO -   • Фьючерс комиссия: 0.02% (открытие) + 0.055% (закрытие)
2026-08-06 23:24:28 - root - INFO - ==================================================
2026-08-06 23:24:28 - root - INFO - ✅ Проверка окружения пройдена успешно
2026-08-06 23:24:28 - root - INFO - 📱 Инициализация Telegram бота...
2026-08-06 23:24:29 - root - INFO - ✅ Бот успешно инициализирован
2026-08-06 23:24:29 - root - INFO - 
2026-08-06 23:24:29 - root - INFO - 🚀 Запуск бота...
2026-08-06 23:24:29 - root - INFO - ⏳ Ожидайте уведомлений о найденных кандидатах
2026-08-06 23:24:29 - root - INFO - ==================================================
2026-08-06 23:24:29 - root - INFO - 
2026-08-06 23:24:29 - telegram_handlers - INFO - 🚀 Запуск Telegram бота...
2026-08-06 23:24:29 - httpx - INFO - HTTP Request: POST https://api.telegram.org/bot8846739306:AAEAoXLwx1EpuNrXsFgZ7qG2tF65t6ggNhg/deleteWebhook "HTTP/1.1 200 OK"
2026-08-06 23:24:29 - telegram_handlers - INFO - 🔄 Запуск фонового сканера...
2026-08-06 23:24:29 - scanner - INFO - Starting scanner with interval 30 seconds
2026-08-06 23:24:29 - scanner - INFO - Starting scan for funding opportunities...
2026-08-06 23:24:30 - httpx - INFO - HTTP Request: POST https://api.telegram.org/bot8846739306:AAEAoXLwx1EpuNrXsFgZ7qG2tF65t6ggNhg/getMe "HTTP/1.1 200 OK"
2026-08-06 23:24:30 - apscheduler.scheduler - INFO - Scheduler started
2026-08-06 23:24:30 - telegram.ext.Application - INFO - Application started
2026-08-06 23:24:30 - httpx - INFO - HTTP Request: POST https://api.telegram.org/bot8846739306:AAEAoXLwx1EpuNrXsFgZ7qG2tF65t6ggNhg/deleteWebhook "HTTP/1.1 200 OK"
2026-08-06 23:24:30 - telegram_handlers - INFO - ✅ Бот успешно запущен и готов к работе!
2026-08-06 23:24:30 - telegram_handlers - INFO - 📱 Нажмите /start в Telegram для начала работы
2026-08-06 23:24:34 - httpx - INFO - HTTP Request: POST https://api.telegram.org/bot8846739306:AAEAoXLwx1EpuNrXsFgZ7qG2tF65t6ggNhg/getUpdates "HTTP/1.1 409 Conflict"
2026-08-06 23:24:34 - telegram.ext.Updater - ERROR - Error while getting Updates: Conflict: terminated by other getUpdates request; make sure that only one bot instance is running
2026-08-06 23:24:34 - telegram.ext.Updater - ERROR - Exception happened while polling for updates.
Traceback (most recent call last):
  File "C:\Users\Alexandr\Desktop\Трейдинг\Fandingeasy\venv\lib\site-packages\telegram\ext\_updater.py", line 688, in _network_loop_retry
    if not await action_cb():
  File "C:\Users\Alexandr\Desktop\Трейдинг\Fandingeasy\venv\lib\site-packages\telegram\ext\_updater.py", line 384, in polling_action_cb
    raise exc
  File "C:\Users\Alexandr\Desktop\Трейдинг\Fandingeasy\venv\lib\site-packages\telegram\ext\_updater.py", line 373, in polling_action_cb
    updates = await self.bot.get_updates(
  File "C:\Users\Alexandr\Desktop\Трейдинг\Fandingeasy\venv\lib\site-packages\telegram\ext\_extbot.py", line 558, in get_updates
    updates = await super().get_updates(
  File "C:\Users\Alexandr\Desktop\Трейдинг\Fandingeasy\venv\lib\site-packages\telegram\_bot.py", line 525, in decorator
    result = await func(self, *args, **kwargs)  # skipcq: PYL-E1102
  File "C:\Users\Alexandr\Desktop\Трейдинг\Fandingeasy\venv\lib\site-packages\telegram\_bot.py", line 3584, in get_updates
    await self._post(
  File "C:\Users\Alexandr\Desktop\Трейдинг\Fandingeasy\venv\lib\site-packages\telegram\_bot.py", line 613, in _post
    return await self._do_post(
  File "C:\Users\Alexandr\Desktop\Трейдинг\Fandingeasy\venv\lib\site-packages\telegram\ext\_extbot.py", line 340, in _do_post
    return await super()._do_post(
  File "C:\Users\Alexandr\Desktop\Трейдинг\Fandingeasy\venv\lib\site-packages\telegram\_bot.py", line 641, in _do_post
    return await request.post(
  File "C:\Users\Alexandr\Desktop\Трейдинг\Fandingeasy\venv\lib\site-packages\telegram\request\_baserequest.py", line 200, in post
    result = await self._request_wrapper(
  File "C:\Users\Alexandr\Desktop\Трейдинг\Fandingeasy\venv\lib\site-packages\telegram\request\_baserequest.py", line 381, in _request_wrapper
    raise Conflict(message)
telegram.error.Conflict: Conflict: terminated by other getUpdates request; make sure that only one bot instance is running
2026-08-06 23:24:39 - httpx - INFO - HTTP Request: POST https://api.telegram.org/bot8846739306:AAEAoXLwx1EpuNrXsFgZ7qG2tF65t6ggNhg/getUpdates "HTTP/1.1 409 Conflict"
2026-08-06 23:24:39 - telegram.ext.Updater - ERROR - Error while getting Updates: Conflict: terminated by other getUpdates request; make sure that only one bot instance is running
2026-08-06 23:24:39 - telegram.ext.Updater - ERROR - Exception happened while polling for updates.
Traceback (most recent call last):
  File "C:\Users\Alexandr\Desktop\Трейдинг\Fandingeasy\venv\lib\site-packages\telegram\ext\_updater.py", line 688, in _network_loop_retry
    if not await action_cb():
  File "C:\Users\Alexandr\Desktop\Трейдинг\Fandingeasy\venv\lib\site-packages\telegram\ext\_updater.py", line 384, in polling_action_cb
    raise exc
  File "C:\Users\Alexandr\Desktop\Трейдинг\Fandingeasy\venv\lib\site-packages\telegram\ext\_updater.py", line 373, in polling_action_cb
    updates = await self.bot.get_updates(
  File "C:\Users\Alexandr\Desktop\Трейдинг\Fandingeasy\venv\lib\site-packages\telegram\ext\_extbot.py", line 558, in get_updates
    updates = await super().get_updates(
  File "C:\Users\Alexandr\Desktop\Трейдинг\Fandingeasy\venv\lib\site-packages\telegram\_bot.py", line 525, in decorator
    result = await func(self, *args, **kwargs)  # skipcq: PYL-E1102
  File "C:\Users\Alexandr\Desktop\Трейдинг\Fandingeasy\venv\lib\site-packages\telegram\_bot.py", line 3584, in get_updates
    await self._post(
  File "C:\Users\Alexandr\Desktop\Трейдинг\Fandingeasy\venv\lib\site-packages\telegram\_bot.py", line 613, in _post
    return await self._do_post(
  File "C:\Users\Alexandr\Desktop\Трейдинг\Fandingeasy\venv\lib\site-packages\telegram\ext\_extbot.py", line 340, in _do_post
    return await super()._do_post(
  File "C:\Users\Alexandr\Desktop\Трейдинг\Fandingeasy\venv\lib\site-packages\telegram\_bot.py", line 641, in _do_post
    return await request.post(
  File "C:\Users\Alexandr\Desktop\Трейдинг\Fandingeasy\venv\lib\site-packages\telegram\request\_baserequest.py", line 200, in post
    result = await self._request_wrapper(
  File "C:\Users\Alexandr\Desktop\Трейдинг\Fandingeasy\venv\lib\site-packages\telegram\request\_baserequest.py", line 381, in _request_wrapper
    raise Conflict(message)
telegram.error.Conflict: Conflict: terminated by other getUpdates request; make sure that only one bot instance is running
2026-08-06 23:24:46 - httpx - INFO - HTTP Request: POST https://api.telegram.org/bot8846739306:AAEAoXLwx1EpuNrXsFgZ7qG2tF65t6ggNhg/getUpdates "HTTP/1.1 409 Conflict"
2026-08-06 23:24:46 - telegram.ext.Updater - ERROR - Error while getting Updates: Conflict: terminated by other getUpdates request; make sure that only one bot instance is running
2026-08-06 23:24:46 - telegram.ext.Updater - ERROR - Exception happened while polling for updates.
Traceback (most recent call last):
  File "C:\Users\Alexandr\Desktop\Трейдинг\Fandingeasy\venv\lib\site-packages\telegram\ext\_updater.py", line 688, in _network_loop_retry
    if not await action_cb():
  File "C:\Users\Alexandr\Desktop\Трейдинг\Fandingeasy\venv\lib\site-packages\telegram\ext\_updater.py", line 384, in polling_action_cb
    raise exc
  File "C:\Users\Alexandr\Desktop\Трейдинг\Fandingeasy\venv\lib\site-packages\telegram\ext\_updater.py", line 373, in polling_action_cb
    updates = await self.bot.get_updates(
  File "C:\Users\Alexandr\Desktop\Трейдинг\Fandingeasy\venv\lib\site-packages\telegram\ext\_extbot.py", line 558, in get_updates
    updates = await super().get_updates(
  File "C:\Users\Alexandr\Desktop\Трейдинг\Fandingeasy\venv\lib\site-packages\telegram\_bot.py", line 525, in decorator
    result = await func(self, *args, **kwargs)  # skipcq: PYL-E1102
  File "C:\Users\Alexandr\Desktop\Трейдинг\Fandingeasy\venv\lib\site-packages\telegram\_bot.py", line 3584, in get_updates
    await self._post(
  File "C:\Users\Alexandr\Desktop\Трейдинг\Fandingeasy\venv\lib\site-packages\telegram\_bot.py", line 613, in _post
    return await self._do_post(
  File "C:\Users\Alexandr\Desktop\Трейдинг\Fandingeasy\venv\lib\site-packages\telegram\ext\_extbot.py", line 340, in _do_post
    return await super()._do_post(
  File "C:\Users\Alexandr\Desktop\Трейдинг\Fandingeasy\venv\lib\site-packages\telegram\_bot.py", line 641, in _do_post
    return await request.post(
  File "C:\Users\Alexandr\Desktop\Трейдинг\Fandingeasy\venv\lib\site-packages\telegram\request\_baserequest.py", line 200, in post
    result = await self._request_wrapper(
  File "C:\Users\Alexandr\Desktop\Трейдинг\Fandingeasy\venv\lib\site-packages\telegram\request\_baserequest.py", line 381, in _request_wrapper
    raise Conflict(message)
telegram.error.Conflict: Conflict: terminated by other getUpdates request; make sure that only one bot instance is running
2026-08-06 23:24:52 - httpx - INFO - HTTP Request: POST https://api.telegram.org/bot8846739306:AAEAoXLwx1EpuNrXsFgZ7qG2tF65t6ggNhg/getUpdates "HTTP/1.1 409 Conflict"
2026-08-06 23:24:52 - telegram.ext.Updater - ERROR - Error while getting Updates: Conflict: terminated by other getUpdates request; make sure that only one bot instance is running
2026-08-06 23:24:52 - telegram.ext.Updater - ERROR - Exception happened while polling for updates.
Traceback (most recent call last):
  File "C:\Users\Alexandr\Desktop\Трейдинг\Fandingeasy\venv\lib\site-packages\telegram\ext\_updater.py", line 688, in _network_loop_retry
    if not await action_cb():
  File "C:\Users\Alexandr\Desktop\Трейдинг\Fandingeasy\venv\lib\site-packages\telegram\ext\_updater.py", line 384, in polling_action_cb
    raise exc
  File "C:\Users\Alexandr\Desktop\Трейдинг\Fandingeasy\venv\lib\site-packages\telegram\ext\_updater.py", line 373, in polling_action_cb
    updates = await self.bot.get_updates(
  File "C:\Users\Alexandr\Desktop\Трейдинг\Fandingeasy\venv\lib\site-packages\telegram\ext\_extbot.py", line 558, in get_updates
    updates = await super().get_updates(
  File "C:\Users\Alexandr\Desktop\Трейдинг\Fandingeasy\venv\lib\site-packages\telegram\_bot.py", line 525, in decorator
    result = await func(self, *args, **kwargs)  # skipcq: PYL-E1102
  File "C:\Users\Alexandr\Desktop\Трейдинг\Fandingeasy\venv\lib\site-packages\telegram\_bot.py", line 3584, in get_updates
    await self._post(
  File "C:\Users\Alexandr\Desktop\Трейдинг\Fandingeasy\venv\lib\site-packages\telegram\_bot.py", line 613, in _post
    return await self._do_post(
  File "C:\Users\Alexandr\Desktop\Трейдинг\Fandingeasy\venv\lib\site-packages\telegram\ext\_extbot.py", line 340, in _do_post
    return await super()._do_post(
  File "C:\Users\Alexandr\Desktop\Трейдинг\Fandingeasy\venv\lib\site-packages\telegram\_bot.py", line 641, in _do_post
    return await request.post(
  File "C:\Users\Alexandr\Desktop\Трейдинг\Fandingeasy\venv\lib\site-packages\telegram\request\_baserequest.py", line 200, in post
    result = await self._request_wrapper(
  File "C:\Users\Alexandr\Desktop\Трейдинг\Fandingeasy\venv\lib\site-packages\telegram\request\_baserequest.py", line 381, in _request_wrapper
    raise Conflict(message)
telegram.error.Conflict: Conflict: terminated by other getUpdates request; make sure that only one bot instance is running
2026-08-06 23:25:00 - scanner - INFO - Starting scan for funding opportunities...
2026-08-06 23:25:01 - httpx - INFO - HTTP Request: POST https://api.telegram.org/bot8846739306:AAEAoXLwx1EpuNrXsFgZ7qG2tF65t6ggNhg/getUpdates "HTTP/1.1 409 Conflict"
2026-08-06 23:25:01 - telegram.ext.Updater - ERROR - Error while getting Updates: Conflict: terminated by other getUpdates request; make sure that only one bot instance is running
2026-08-06 23:25:01 - telegram.ext.Updater - ERROR - Exception happened while polling for updates.
Traceback (most recent call last):
  File "C:\Users\Alexandr\Desktop\Трейдинг\Fandingeasy\venv\lib\site-packages\telegram\ext\_updater.py", line 688, in _network_loop_retry
    if not await action_cb():
  File "C:\Users\Alexandr\Desktop\Трейдинг\Fandingeasy\venv\lib\site-packages\telegram\ext\_updater.py", line 384, in polling_action_cb
    raise exc
  File "C:\Users\Alexandr\Desktop\Трейдинг\Fandingeasy\venv\lib\site-packages\telegram\ext\_updater.py", line 373, in polling_action_cb
    updates = await self.bot.get_updates(
  File "C:\Users\Alexandr\Desktop\Трейдинг\Fandingeasy\venv\lib\site-packages\telegram\ext\_extbot.py", line 558, in get_updates
    updates = await super().get_updates(
  File "C:\Users\Alexandr\Desktop\Трейдинг\Fandingeasy\venv\lib\site-packages\telegram\_bot.py", line 525, in decorator
    result = await func(self, *args, **kwargs)  # skipcq: PYL-E1102
  File "C:\Users\Alexandr\Desktop\Трейдинг\Fandingeasy\venv\lib\site-packages\telegram\_bot.py", line 3584, in get_updates
    await self._post(
  File "C:\Users\Alexandr\Desktop\Трейдинг\Fandingeasy\venv\lib\site-packages\telegram\_bot.py", line 613, in _post
    return await self._do_post(
  File "C:\Users\Alexandr\Desktop\Трейдинг\Fandingeasy\venv\lib\site-packages\telegram\ext\_extbot.py", line 340, in _do_post
    return await super()._do_post(
  File "C:\Users\Alexandr\Desktop\Трейдинг\Fandingeasy\venv\lib\site-packages\telegram\_bot.py", line 641, in _do_post
    return await request.post(
  File "C:\Users\Alexandr\Desktop\Трейдинг\Fandingeasy\venv\lib\site-packages\telegram\request\_baserequest.py", line 200, in post
    result = await self._request_wrapper(
  File "C:\Users\Alexandr\Desktop\Трейдинг\Fandingeasy\venv\lib\site-packages\telegram\request\_baserequest.py", line 381, in _request_wrapper
    raise Conflict(message)
telegram.error.Conflict: Conflict: terminated by other getUpdates request; make sure that only one bot instance is running
2026-08-06 23:25:10 - httpx - INFO - HTTP Request: POST https://api.telegram.org/bot8846739306:AAEAoXLwx1EpuNrXsFgZ7qG2tF65t6ggNhg/getUpdates "HTTP/1.1 409 Conflict"
2026-08-06 23:25:10 - telegram.ext.Updater - ERROR - Error while getting Updates: Conflict: terminated by other getUpdates request; make sure that only one bot instance is running
2026-08-06 23:25:10 - telegram.ext.Updater - ERROR - Exception happened while polling for updates.
Traceback (most recent call last):
  File "C:\Users\Alexandr\Desktop\Трейдинг\Fandingeasy\venv\lib\site-packages\telegram\ext\_updater.py", line 688, in _network_loop_retry
    if not await action_cb():
  File "C:\Users\Alexandr\Desktop\Трейдинг\Fandingeasy\venv\lib\site-packages\telegram\ext\_updater.py", line 384, in polling_action_cb
    raise exc
  File "C:\Users\Alexandr\Desktop\Трейдинг\Fandingeasy\venv\lib\site-packages\telegram\ext\_updater.py", line 373, in polling_action_cb
    updates = await self.bot.get_updates(
  File "C:\Users\Alexandr\Desktop\Трейдинг\Fandingeasy\venv\lib\site-packages\telegram\ext\_extbot.py", line 558, in get_updates
    updates = await super().get_updates(
  File "C:\Users\Alexandr\Desktop\Трейдинг\Fandingeasy\venv\lib\site-packages\telegram\_bot.py", line 525, in decorator
    result = await func(self, *args, **kwargs)  # skipcq: PYL-E1102
  File "C:\Users\Alexandr\Desktop\Трейдинг\Fandingeasy\venv\lib\site-packages\telegram\_bot.py", line 3584, in get_updates
    await self._post(
  File "C:\Users\Alexandr\Desktop\Трейдинг\Fandingeasy\venv\lib\site-packages\telegram\_bot.py", line 613, in _post
    return await self._do_post(
  File "C:\Users\Alexandr\Desktop\Трейдинг\Fandingeasy\venv\lib\site-packages\telegram\ext\_extbot.py", line 340, in _do_post
    return await super()._do_post(
  File "C:\Users\Alexandr\Desktop\Трейдинг\Fandingeasy\venv\lib\site-packages\telegram\_bot.py", line 641, in _do_post
    return await request.post(
  File "C:\Users\Alexandr\Desktop\Трейдинг\Fandingeasy\venv\lib\site-packages\telegram\request\_baserequest.py", line 200, in post
    result = await self._request_wrapper(
  File "C:\Users\Alexandr\Desktop\Трейдинг\Fandingeasy\venv\lib\site-packages\telegram\request\_baserequest.py", line 381, in _request_wrapper
    raise Conflict(message)
telegram.error.Conflict: Conflict: terminated by other getUpdates request; make sure that only one bot instance is running
2026-08-06 23:25:22 - httpx - INFO - HTTP Request: POST https://api.telegram.org/bot8846739306:AAEAoXLwx1EpuNrXsFgZ7qG2tF65t6ggNhg/getUpdates "HTTP/1.1 409 Conflict"
2026-08-06 23:25:22 - telegram.ext.Updater - ERROR - Error while getting Updates: Conflict: terminated by other getUpdates request; make sure that only one bot instance is running
2026-08-06 23:25:22 - telegram.ext.Updater - ERROR - Exception happened while polling for updates.
Traceback (most recent call last):
  File "C:\Users\Alexandr\Desktop\Трейдинг\Fandingeasy\venv\lib\site-packages\telegram\ext\_updater.py", line 688, in _network_loop_retry
    if not await action_cb():
  File "C:\Users\Alexandr\Desktop\Трейдинг\Fandingeasy\venv\lib\site-packages\telegram\ext\_updater.py", line 384, in polling_action_cb
    raise exc
  File "C:\Users\Alexandr\Desktop\Трейдинг\Fandingeasy\venv\lib\site-packages\telegram\ext\_updater.py", line 373, in polling_action_cb
    updates = await self.bot.get_updates(
  File "C:\Users\Alexandr\Desktop\Трейдинг\Fandingeasy\venv\lib\site-packages\telegram\ext\_extbot.py", line 558, in get_updates
    updates = await super().get_updates(
  File "C:\Users\Alexandr\Desktop\Трейдинг\Fandingeasy\venv\lib\site-packages\telegram\_bot.py", line 525, in decorator
    result = await func(self, *args, **kwargs)  # skipcq: PYL-E1102
  File "C:\Users\Alexandr\Desktop\Трейдинг\Fandingeasy\venv\lib\site-packages\telegram\_bot.py", line 3584, in get_updates
    await self._post(
  File "C:\Users\Alexandr\Desktop\Трейдинг\Fandingeasy\venv\lib\site-packages\telegram\_bot.py", line 613, in _post
    return await self._do_post(
  File "C:\Users\Alexandr\Desktop\Трейдинг\Fandingeasy\venv\lib\site-packages\telegram\ext\_extbot.py", line 340, in _do_post
    return await super()._do_post(
  File "C:\Users\Alexandr\Desktop\Трейдинг\Fandingeasy\venv\lib\site-packages\telegram\_bot.py", line 641, in _do_post
    return await request.post(
  File "C:\Users\Alexandr\Desktop\Трейдинг\Fandingeasy\venv\lib\site-packages\telegram\request\_baserequest.py", line 200, in post
    result = await self._request_wrapper(
  File "C:\Users\Alexandr\Desktop\Трейдинг\Fandingeasy\venv\lib\site-packages\telegram\request\_baserequest.py", line 381, in _request_wrapper
    raise Conflict(message)
telegram.error.Conflict: Conflict: terminated by other getUpdates request; make sure that only one bot instance is running
2026-08-06 23:25:30 - scanner - INFO - Starting scan for funding opportunities...
2026-08-06 23:25:37 - httpx - INFO - HTTP Request: POST https://api.telegram.org/bot8846739306:AAEAoXLwx1EpuNrXsFgZ7qG2tF65t6ggNhg/getUpdates "HTTP/1.1 409 Conflict"
2026-08-06 23:25:37 - telegram.ext.Updater - ERROR - Error while getting Updates: Conflict: terminated by other getUpdates request; make sure that only one bot instance is running
2026-08-06 23:25:37 - telegram.ext.Updater - ERROR - Exception happened while polling for updates.
Traceback (most recent call last):
  File "C:\Users\Alexandr\Desktop\Трейдинг\Fandingeasy\venv\lib\site-packages\telegram\ext\_updater.py", line 688, in _network_loop_retry
    if not await action_cb():
  File "C:\Users\Alexandr\Desktop\Трейдинг\Fandingeasy\venv\lib\site-packages\telegram\ext\_updater.py", line 384, in polling_action_cb
    raise exc
  File "C:\Users\Alexandr\Desktop\Трейдинг\Fandingeasy\venv\lib\site-packages\telegram\ext\_updater.py", line 373, in polling_action_cb
    updates = await self.bot.get_updates(
  File "C:\Users\Alexandr\Desktop\Трейдинг\Fandingeasy\venv\lib\site-packages\telegram\ext\_extbot.py", line 558, in get_updates
    updates = await super().get_updates(
  File "C:\Users\Alexandr\Desktop\Трейдинг\Fandingeasy\venv\lib\site-packages\telegram\_bot.py", line 525, in decorator
    result = await func(self, *args, **kwargs)  # skipcq: PYL-E1102
  File "C:\Users\Alexandr\Desktop\Трейдинг\Fandingeasy\venv\lib\site-packages\telegram\_bot.py", line 3584, in get_updates
    await self._post(
  File "C:\Users\Alexandr\Desktop\Трейдинг\Fandingeasy\venv\lib\site-packages\telegram\_bot.py", line 613, in _post
    return await self._do_post(
  File "C:\Users\Alexandr\Desktop\Трейдинг\Fandingeasy\venv\lib\site-packages\telegram\ext\_extbot.py", line 340, in _do_post
    return await super()._do_post(
  File "C:\Users\Alexandr\Desktop\Трейдинг\Fandingeasy\venv\lib\site-packages\telegram\_bot.py", line 641, in _do_post
    return await request.post(
  File "C:\Users\Alexandr\Desktop\Трейдинг\Fandingeasy\venv\lib\site-packages\telegram\request\_baserequest.py", line 200, in post
    result = await self._request_wrapper(
  File "C:\Users\Alexandr\Desktop\Трейдинг\Fandingeasy\venv\lib\site-packages\telegram\request\_baserequest.py", line 381, in _request_wrapper
    raise Conflict(message)
telegram.error.Conflict: Conflict: terminated by other getUpdates request; make sure that only one bot instance is running
2026-08-06 23:25:59 - httpx - INFO - HTTP Request: POST https://api.telegram.org/bot8846739306:AAEAoXLwx1EpuNrXsFgZ7qG2tF65t6ggNhg/getUpdates "HTTP/1.1 409 Conflict"
2026-08-06 23:25:59 - telegram.ext.Updater - ERROR - Error while getting Updates: Conflict: terminated by other getUpdates request; make sure that only one bot instance is running
2026-08-06 23:25:59 - telegram.ext.Updater - ERROR - Exception happened while polling for updates.
Traceback (most recent call last):
  File "C:\Users\Alexandr\Desktop\Трейдинг\Fandingeasy\venv\lib\site-packages\telegram\ext\_updater.py", line 688, in _network_loop_retry
    if not await action_cb():
  File "C:\Users\Alexandr\Desktop\Трейдинг\Fandingeasy\venv\lib\site-packages\telegram\ext\_updater.py", line 384, in polling_action_cb
    raise exc
  File "C:\Users\Alexandr\Desktop\Трейдинг\Fandingeasy\venv\lib\site-packages\telegram\ext\_updater.py", line 373, in polling_action_cb
    updates = await self.bot.get_updates(
  File "C:\Users\Alexandr\Desktop\Трейдинг\Fandingeasy\venv\lib\site-packages\telegram\ext\_extbot.py", line 558, in get_updates
    updates = await super().get_updates(
  File "C:\Users\Alexandr\Desktop\Трейдинг\Fandingeasy\venv\lib\site-packages\telegram\_bot.py", line 525, in decorator
    result = await func(self, *args, **kwargs)  # skipcq: PYL-E1102
  File "C:\Users\Alexandr\Desktop\Трейдинг\Fandingeasy\venv\lib\site-packages\telegram\_bot.py", line 3584, in get_updates
    await self._post(
  File "C:\Users\Alexandr\Desktop\Трейдинг\Fandingeasy\venv\lib\site-packages\telegram\_bot.py", line 613, in _post
    return await self._do_post(
  File "C:\Users\Alexandr\Desktop\Трейдинг\Fandingeasy\venv\lib\site-packages\telegram\ext\_extbot.py", line 340, in _do_post
    return await super()._do_post(
  File "C:\Users\Alexandr\Desktop\Трейдинг\Fandingeasy\venv\lib\site-packages\telegram\_bot.py", line 641, in _do_post
    return await request.post(
  File "C:\Users\Alexandr\Desktop\Трейдинг\Fandingeasy\venv\lib\site-packages\telegram\request\_baserequest.py", line 200, in post
    result = await self._request_wrapper(
  File "C:\Users\Alexandr\Desktop\Трейдинг\Fandingeasy\venv\lib\site-packages\telegram\request\_baserequest.py", line 381, in _request_wrapper
    raise Conflict(message)
telegram.error.Conflict: Conflict: terminated by other getUpdates request; make sure that only one bot instance is running
2026-08-06 23:26:00 - scanner - INFO - Starting scan for funding opportunities...
2026-08-06 23:26:29 - httpx - INFO - HTTP Request: POST https://api.telegram.org/bot8846739306:AAEAoXLwx1EpuNrXsFgZ7qG2tF65t6ggNhg/getUpdates "HTTP/1.1 409 Conflict"
2026-08-06 23:26:29 - telegram.ext.Updater - ERROR - Error while getting Updates: Conflict: terminated by other getUpdates request; make sure that only one bot instance is running
2026-08-06 23:26:29 - telegram.ext.Updater - ERROR - Exception happened while polling for updates.
Traceback (most recent call last):
  File "C:\Users\Alexandr\Desktop\Трейдинг\Fandingeasy\venv\lib\site-packages\telegram\ext\_updater.py", line 688, in _network_loop_retry
    if not await action_cb():
  File "C:\Users\Alexandr\Desktop\Трейдинг\Fandingeasy\venv\lib\site-packages\telegram\ext\_updater.py", line 384, in polling_action_cb
    raise exc
  File "C:\Users\Alexandr\Desktop\Трейдинг\Fandingeasy\venv\lib\site-packages\telegram\ext\_updater.py", line 373, in polling_action_cb
    updates = await self.bot.get_updates(
  File "C:\Users\Alexandr\Desktop\Трейдинг\Fandingeasy\venv\lib\site-packages\telegram\ext\_extbot.py", line 558, in get_updates
    updates = await super().get_updates(
  File "C:\Users\Alexandr\Desktop\Трейдинг\Fandingeasy\venv\lib\site-packages\telegram\_bot.py", line 525, in decorator
    result = await func(self, *args, **kwargs)  # skipcq: PYL-E1102
  File "C:\Users\Alexandr\Desktop\Трейдинг\Fandingeasy\venv\lib\site-packages\telegram\_bot.py", line 3584, in get_updates
    await self._post(
  File "C:\Users\Alexandr\Desktop\Трейдинг\Fandingeasy\venv\lib\site-packages\telegram\_bot.py", line 613, in _post
    return await self._do_post(
  File "C:\Users\Alexandr\Desktop\Трейдинг\Fandingeasy\venv\lib\site-packages\telegram\ext\_extbot.py", line 340, in _do_post
    return await super()._do_post(
  File "C:\Users\Alexandr\Desktop\Трейдинг\Fandingeasy\venv\lib\site-packages\telegram\_bot.py", line 641, in _do_post
    return await request.post(
  File "C:\Users\Alexandr\Desktop\Трейдинг\Fandingeasy\venv\lib\site-packages\telegram\request\_baserequest.py", line 200, in post
    result = await self._request_wrapper(
  File "C:\Users\Alexandr\Desktop\Трейдинг\Fandingeasy\venv\lib\site-packages\telegram\request\_baserequest.py", line 381, in _request_wrapper
    raise Conflict(message)
telegram.error.Conflict: Conflict: terminated by other getUpdates request; make sure that only one bot instance is running
2026-08-06 23:26:30 - scanner - INFO - Starting scan for funding opportunities...
2026-08-06 23:27:01 - scanner - INFO - Starting scan for funding opportunities...
2026-08-06 23:27:03 - httpx - INFO - HTTP Request: POST https://api.telegram.org/bot8846739306:AAEAoXLwx1EpuNrXsFgZ7qG2tF65t6ggNhg/getUpdates "HTTP/1.1 409 Conflict"
2026-08-06 23:27:03 - telegram.ext.Updater - ERROR - Error while getting Updates: Conflict: terminated by other getUpdates request; make sure that only one bot instance is running
2026-08-06 23:27:03 - telegram.ext.Updater - ERROR - Exception happened while polling for updates.
Traceback (most recent call last):
  File "C:\Users\Alexandr\Desktop\Трейдинг\Fandingeasy\venv\lib\site-packages\telegram\ext\_updater.py", line 688, in _network_loop_retry
    if not await action_cb():
  File "C:\Users\Alexandr\Desktop\Трейдинг\Fandingeasy\venv\lib\site-packages\telegram\ext\_updater.py", line 384, in polling_action_cb
    raise exc
  File "C:\Users\Alexandr\Desktop\Трейдинг\Fandingeasy\venv\lib\site-packages\telegram\ext\_updater.py", line 373, in polling_action_cb
    updates = await self.bot.get_updates(
  File "C:\Users\Alexandr\Desktop\Трейдинг\Fandingeasy\venv\lib\site-packages\telegram\ext\_extbot.py", line 558, in get_updates
    updates = await super().get_updates(
  File "C:\Users\Alexandr\Desktop\Трейдинг\Fandingeasy\venv\lib\site-packages\telegram\_bot.py", line 525, in decorator
    result = await func(self, *args, **kwargs)  # skipcq: PYL-E1102
  File "C:\Users\Alexandr\Desktop\Трейдинг\Fandingeasy\venv\lib\site-packages\telegram\_bot.py", line 3584, in get_updates
    await self._post(
  File "C:\Users\Alexandr\Desktop\Трейдинг\Fandingeasy\venv\lib\site-packages\telegram\_bot.py", line 613, in _post
    return await self._do_post(
  File "C:\Users\Alexandr\Desktop\Трейдинг\Fandingeasy\venv\lib\site-packages\telegram\ext\_extbot.py", line 340, in _do_post
    return await super()._do_post(
  File "C:\Users\Alexandr\Desktop\Трейдинг\Fandingeasy\venv\lib\site-packages\telegram\_bot.py", line 641, in _do_post
    return await request.post(
  File "C:\Users\Alexandr\Desktop\Трейдинг\Fandingeasy\venv\lib\site-packages\telegram\request\_baserequest.py", line 200, in post
    result = await self._request_wrapper(
  File "C:\Users\Alexandr\Desktop\Трейдинг\Fandingeasy\venv\lib\site-packages\telegram\request\_baserequest.py", line 381, in _request_wrapper
    raise Conflict(message)
telegram.error.Conflict: Conflict: terminated by other getUpdates request; make sure that only one bot instance is running
2026-08-06 23:27:31 - scanner - INFO - Starting scan for funding opportunities...
2026-08-06 23:27:37 - httpx - INFO - HTTP Request: POST https://api.telegram.org/bot8846739306:AAEAoXLwx1EpuNrXsFgZ7qG2tF65t6ggNhg/getUpdates "HTTP/1.1 409 Conflict"
2026-08-06 23:27:37 - telegram.ext.Updater - ERROR - Error while getting Updates: Conflict: terminated by other getUpdates request; make sure that only one bot instance is running
2026-08-06 23:27:37 - telegram.ext.Updater - ERROR - Exception happened while polling for updates.
Traceback (most recent call last):
  File "C:\Users\Alexandr\Desktop\Трейдинг\Fandingeasy\venv\lib\site-packages\telegram\ext\_updater.py", line 688, in _network_loop_retry
    if not await action_cb():
  File "C:\Users\Alexandr\Desktop\Трейдинг\Fandingeasy\venv\lib\site-packages\telegram\ext\_updater.py", line 384, in polling_action_cb
    raise exc
  File "C:\Users\Alexandr\Desktop\Трейдинг\Fandingeasy\venv\lib\site-packages\telegram\ext\_updater.py", line 373, in polling_action_cb
    updates = await self.bot.get_updates(
  File "C:\Users\Alexandr\Desktop\Трейдинг\Fandingeasy\venv\lib\site-packages\telegram\ext\_extbot.py", line 558, in get_updates
    updates = await super().get_updates(
  File "C:\Users\Alexandr\Desktop\Трейдинг\Fandingeasy\venv\lib\site-packages\telegram\_bot.py", line 525, in decorator
    result = await func(self, *args, **kwargs)  # skipcq: PYL-E1102
  File "C:\Users\Alexandr\Desktop\Трейдинг\Fandingeasy\venv\lib\site-packages\telegram\_bot.py", line 3584, in get_updates
    await self._post(
  File "C:\Users\Alexandr\Desktop\Трейдинг\Fandingeasy\venv\lib\site-packages\telegram\_bot.py", line 613, in _post
    return await self._do_post(
  File "C:\Users\Alexandr\Desktop\Трейдинг\Fandingeasy\venv\lib\site-packages\telegram\ext\_extbot.py", line 340, in _do_post
    return await super()._do_post(
  File "C:\Users\Alexandr\Desktop\Трейдинг\Fandingeasy\venv\lib\site-packages\telegram\_bot.py", line 641, in _do_post
    return await request.post(
  File "C:\Users\Alexandr\Desktop\Трейдинг\Fandingeasy\venv\lib\site-packages\telegram\request\_baserequest.py", line 200, in post
    result = await self._request_wrapper(
  File "C:\Users\Alexandr\Desktop\Трейдинг\Fandingeasy\venv\lib\site-packages\telegram\request\_baserequest.py", line 381, in _request_wrapper
    raise Conflict(message)
telegram.error.Conflict: Conflict: terminated by other getUpdates request; make sure that only one bot instance is running
2026-08-06 23:28:02 - scanner - INFO - Starting scan for funding opportunities...
2026-08-06 23:28:11 - httpx - INFO - HTTP Request: POST https://api.telegram.org/bot8846739306:AAEAoXLwx1EpuNrXsFgZ7qG2tF65t6ggNhg/getUpdates "HTTP/1.1 409 Conflict"
2026-08-06 23:28:11 - telegram.ext.Updater - ERROR - Error while getting Updates: Conflict: terminated by other getUpdates request; make sure that only one bot instance is running
2026-08-06 23:28:11 - telegram.ext.Updater - ERROR - Exception happened while polling for updates.
Traceback (most recent call last):
  File "C:\Users\Alexandr\Desktop\Трейдинг\Fandingeasy\venv\lib\site-packages\telegram\ext\_updater.py", line 688, in _network_loop_retry
    if not await action_cb():
  File "C:\Users\Alexandr\Desktop\Трейдинг\Fandingeasy\venv\lib\site-packages\telegram\ext\_updater.py", line 384, in polling_action_cb
    raise exc
  File "C:\Users\Alexandr\Desktop\Трейдинг\Fandingeasy\venv\lib\site-packages\telegram\ext\_updater.py", line 373, in polling_action_cb
    updates = await self.bot.get_updates(
  File "C:\Users\Alexandr\Desktop\Трейдинг\Fandingeasy\venv\lib\site-packages\telegram\ext\_extbot.py", line 558, in get_updates
    updates = await super().get_updates(
  File "C:\Users\Alexandr\Desktop\Трейдинг\Fandingeasy\venv\lib\site-packages\telegram\_bot.py", line 525, in decorator
    result = await func(self, *args, **kwargs)  # skipcq: PYL-E1102
  File "C:\Users\Alexandr\Desktop\Трейдинг\Fandingeasy\venv\lib\site-packages\telegram\_bot.py", line 3584, in get_updates
    await self._post(
  File "C:\Users\Alexandr\Desktop\Трейдинг\Fandingeasy\venv\lib\site-packages\telegram\_bot.py", line 613, in _post
    return await self._do_post(
  File "C:\Users\Alexandr\Desktop\Трейдинг\Fandingeasy\venv\lib\site-packages\telegram\ext\_extbot.py", line 340, in _do_post
    return await super()._do_post(
  File "C:\Users\Alexandr\Desktop\Трейдинг\Fandingeasy\venv\lib\site-packages\telegram\_bot.py", line 641, in _do_post
    return await request.post(
  File "C:\Users\Alexandr\Desktop\Трейдинг\Fandingeasy\venv\lib\site-packages\telegram\request\_baserequest.py", line 200, in post
    result = await self._request_wrapper(
  File "C:\Users\Alexandr\Desktop\Трейдинг\Fandingeasy\venv\lib\site-packages\telegram\request\_baserequest.py", line 381, in _request_wrapper
    raise Conflict(message)
telegram.error.Conflict: Conflict: terminated by other getUpdates request; make sure that only one bot instance is running
2026-08-06 23:28:32 - scanner - INFO - Starting scan for funding opportunities...
2026-08-06 23:28:46 - httpx - INFO - HTTP Request: POST https://api.telegram.org/bot8846739306:AAEAoXLwx1EpuNrXsFgZ7qG2tF65t6ggNhg/getUpdates "HTTP/1.1 409 Conflict"
2026-08-06 23:28:46 - telegram.ext.Updater - ERROR - Error while getting Updates: Conflict: terminated by other getUpdates request; make sure that only one bot instance is running
2026-08-06 23:28:46 - telegram.ext.Updater - ERROR - Exception happened while polling for updates.
Traceback (most recent call last):
  File "C:\Users\Alexandr\Desktop\Трейдинг\Fandingeasy\venv\lib\site-packages\telegram\ext\_updater.py", line 688, in _network_loop_retry
    if not await action_cb():
  File "C:\Users\Alexandr\Desktop\Трейдинг\Fandingeasy\venv\lib\site-packages\telegram\ext\_updater.py", line 384, in polling_action_cb
    raise exc
  File "C:\Users\Alexandr\Desktop\Трейдинг\Fandingeasy\venv\lib\site-packages\telegram\ext\_updater.py", line 373, in polling_action_cb
    updates = await self.bot.get_updates(
  File "C:\Users\Alexandr\Desktop\Трейдинг\Fandingeasy\venv\lib\site-packages\telegram\ext\_extbot.py", line 558, in get_updates
    updates = await super().get_updates(
  File "C:\Users\Alexandr\Desktop\Трейдинг\Fandingeasy\venv\lib\site-packages\telegram\_bot.py", line 525, in decorator
    result = await func(self, *args, **kwargs)  # skipcq: PYL-E1102
  File "C:\Users\Alexandr\Desktop\Трейдинг\Fandingeasy\venv\lib\site-packages\telegram\_bot.py", line 3584, in get_updates
    await self._post(
  File "C:\Users\Alexandr\Desktop\Трейдинг\Fandingeasy\venv\lib\site-packages\telegram\_bot.py", line 613, in _post
    return await self._do_post(
  File "C:\Users\Alexandr\Desktop\Трейдинг\Fandingeasy\venv\lib\site-packages\telegram\ext\_extbot.py", line 340, in _do_post
    return await super()._do_post(
  File "C:\Users\Alexandr\Desktop\Трейдинг\Fandingeasy\venv\lib\site-packages\telegram\_bot.py", line 641, in _do_post
    return await request.post(
  File "C:\Users\Alexandr\Desktop\Трейдинг\Fandingeasy\venv\lib\site-packages\telegram\request\_baserequest.py", line 200, in post
    result = await self._request_wrapper(
  File "C:\Users\Alexandr\Desktop\Трейдинг\Fandingeasy\venv\lib\site-packages\telegram\request\_baserequest.py", line 381, in _request_wrapper
    raise Conflict(message)
telegram.error.Conflict: Conflict: terminated by other getUpdates request; make sure that only one bot instance is running
2026-08-06 23:29:03 - scanner - INFO - Starting scan for funding opportunities...
2026-08-06 23:29:20 - httpx - INFO - HTTP Request: POST https://api.telegram.org/bot8846739306:AAEAoXLwx1EpuNrXsFgZ7qG2tF65t6ggNhg/getUpdates "HTTP/1.1 409 Conflict"
2026-08-06 23:29:20 - telegram.ext.Updater - ERROR - Error while getting Updates: Conflict: terminated by other getUpdates request; make sure that only one bot instance is running
2026-08-06 23:29:20 - telegram.ext.Updater - ERROR - Exception happened while polling for updates.
Traceback (most recent call last):
  File "C:\Users\Alexandr\Desktop\Трейдинг\Fandingeasy\venv\lib\site-packages\telegram\ext\_updater.py", line 688, in _network_loop_retry
    if not await action_cb():
  File "C:\Users\Alexandr\Desktop\Трейдинг\Fandingeasy\venv\lib\site-packages\telegram\ext\_updater.py", line 384, in polling_action_cb
    raise exc
  File "C:\Users\Alexandr\Desktop\Трейдинг\Fandingeasy\venv\lib\site-packages\telegram\ext\_updater.py", line 373, in polling_action_cb
    updates = await self.bot.get_updates(
  File "C:\Users\Alexandr\Desktop\Трейдинг\Fandingeasy\venv\lib\site-packages\telegram\ext\_extbot.py", line 558, in get_updates
    updates = await super().get_updates(
  File "C:\Users\Alexandr\Desktop\Трейдинг\Fandingeasy\venv\lib\site-packages\telegram\_bot.py", line 525, in decorator
    result = await func(self, *args, **kwargs)  # skipcq: PYL-E1102
  File "C:\Users\Alexandr\Desktop\Трейдинг\Fandingeasy\venv\lib\site-packages\telegram\_bot.py", line 3584, in get_updates
    await self._post(
  File "C:\Users\Alexandr\Desktop\Трейдинг\Fandingeasy\venv\lib\site-packages\telegram\_bot.py", line 613, in _post
    return await self._do_post(
  File "C:\Users\Alexandr\Desktop\Трейдинг\Fandingeasy\venv\lib\site-packages\telegram\ext\_extbot.py", line 340, in _do_post
    return await super()._do_post(
  File "C:\Users\Alexandr\Desktop\Трейдинг\Fandingeasy\venv\lib\site-packages\telegram\_bot.py", line 641, in _do_post
    return await request.post(
  File "C:\Users\Alexandr\Desktop\Трейдинг\Fandingeasy\venv\lib\site-packages\telegram\request\_baserequest.py", line 200, in post
    result = await self._request_wrapper(
  File "C:\Users\Alexandr\Desktop\Трейдинг\Fandingeasy\venv\lib\site-packages\telegram\request\_baserequest.py", line 381, in _request_wrapper
    raise Conflict(message)
telegram.error.Conflict: Conflict: terminated by other getUpdates request; make sure that only one bot instance is running
2026-08-06 23:29:33 - scanner - INFO - Starting scan for funding opportunities...
2026-08-06 23:29:54 - httpx - INFO - HTTP Request: POST https://api.telegram.org/bot8846739306:AAEAoXLwx1EpuNrXsFgZ7qG2tF65t6ggNhg/getUpdates "HTTP/1.1 409 Conflict"
2026-08-06 23:29:54 - telegram.ext.Updater - ERROR - Error while getting Updates: Conflict: terminated by other getUpdates request; make sure that only one bot instance is running
2026-08-06 23:29:54 - telegram.ext.Updater - ERROR - Exception happened while polling for updates.
Traceback (most recent call last):
  File "C:\Users\Alexandr\Desktop\Трейдинг\Fandingeasy\venv\lib\site-packages\telegram\ext\_updater.py", line 688, in _network_loop_retry
    if not await action_cb():
  File "C:\Users\Alexandr\Desktop\Трейдинг\Fandingeasy\venv\lib\site-packages\telegram\ext\_updater.py", line 384, in polling_action_cb
    raise exc
  File "C:\Users\Alexandr\Desktop\Трейдинг\Fandingeasy\venv\lib\site-packages\telegram\ext\_updater.py", line 373, in polling_action_cb
    updates = await self.bot.get_updates(
  File "C:\Users\Alexandr\Desktop\Трейдинг\Fandingeasy\venv\lib\site-packages\telegram\ext\_extbot.py", line 558, in get_updates
    updates = await super().get_updates(
  File "C:\Users\Alexandr\Desktop\Трейдинг\Fandingeasy\venv\lib\site-packages\telegram\_bot.py", line 525, in decorator
    result = await func(self, *args, **kwargs)  # skipcq: PYL-E1102
  File "C:\Users\Alexandr\Desktop\Трейдинг\Fandingeasy\venv\lib\site-packages\telegram\_bot.py", line 3584, in get_updates
    await self._post(
  File "C:\Users\Alexandr\Desktop\Трейдинг\Fandingeasy\venv\lib\site-packages\telegram\_bot.py", line 613, in _post
    return await self._do_post(
  File "C:\Users\Alexandr\Desktop\Трейдинг\Fandingeasy\venv\lib\site-packages\telegram\ext\_extbot.py", line 340, in _do_post
    return await super()._do_post(
  File "C:\Users\Alexandr\Desktop\Трейдинг\Fandingeasy\venv\lib\site-packages\telegram\_bot.py", line 641, in _do_post
    return await request.post(
  File "C:\Users\Alexandr\Desktop\Трейдинг\Fandingeasy\venv\lib\site-packages\telegram\request\_baserequest.py", line 200, in post
    result = await self._request_wrapper(
  File "C:\Users\Alexandr\Desktop\Трейдинг\Fandingeasy\venv\lib\site-packages\telegram\request\_baserequest.py", line 381, in _request_wrapper
    raise Conflict(message)
telegram.error.Conflict: Conflict: terminated by other getUpdates request; make sure that only one bot instance is running
2026-08-06 23:30:04 - scanner - INFO - Starting scan for funding opportunities...
2026-08-06 23:30:28 - httpx - INFO - HTTP Request: POST https://api.telegram.org/bot8846739306:AAEAoXLwx1EpuNrXsFgZ7qG2tF65t6ggNhg/getUpdates "HTTP/1.1 409 Conflict"
2026-08-06 23:30:28 - telegram.ext.Updater - ERROR - Error while getting Updates: Conflict: terminated by other getUpdates request; make sure that only one bot instance is running
2026-08-06 23:30:28 - telegram.ext.Updater - ERROR - Exception happened while polling for updates.
Traceback (most recent call last):
  File "C:\Users\Alexandr\Desktop\Трейдинг\Fandingeasy\venv\lib\site-packages\telegram\ext\_updater.py", line 688, in _network_loop_retry
    if not await action_cb():
  File "C:\Users\Alexandr\Desktop\Трейдинг\Fandingeasy\venv\lib\site-packages\telegram\ext\_updater.py", line 384, in polling_action_cb
    raise exc
  File "C:\Users\Alexandr\Desktop\Трейдинг\Fandingeasy\venv\lib\site-packages\telegram\ext\_updater.py", line 373, in polling_action_cb
    updates = await self.bot.get_updates(
  File "C:\Users\Alexandr\Desktop\Трейдинг\Fandingeasy\venv\lib\site-packages\telegram\ext\_extbot.py", line 558, in get_updates
    updates = await super().get_updates(
  File "C:\Users\Alexandr\Desktop\Трейдинг\Fandingeasy\venv\lib\site-packages\telegram\_bot.py", line 525, in decorator
    result = await func(self, *args, **kwargs)  # skipcq: PYL-E1102
  File "C:\Users\Alexandr\Desktop\Трейдинг\Fandingeasy\venv\lib\site-packages\telegram\_bot.py", line 3584, in get_updates
    await self._post(
  File "C:\Users\Alexandr\Desktop\Трейдинг\Fandingeasy\venv\lib\site-packages\telegram\_bot.py", line 613, in _post
    return await self._do_post(
  File "C:\Users\Alexandr\Desktop\Трейдинг\Fandingeasy\venv\lib\site-packages\telegram\ext\_extbot.py", line 340, in _do_post
    return await super()._do_post(
  File "C:\Users\Alexandr\Desktop\Трейдинг\Fandingeasy\venv\lib\site-packages\telegram\_bot.py", line 641, in _do_post
    return await request.post(
  File "C:\Users\Alexandr\Desktop\Трейдинг\Fandingeasy\venv\lib\site-packages\telegram\request\_baserequest.py", line 200, in post
    result = await self._request_wrapper(
  File "C:\Users\Alexandr\Desktop\Трейдинг\Fandingeasy\venv\lib\site-packages\telegram\request\_baserequest.py", line 381, in _request_wrapper
    raise Conflict(message)
telegram.error.Conflict: Conflict: terminated by other getUpdates request; make sure that only one bot instance is running
2026-08-06 23:30:34 - scanner - INFO - Starting scan for funding opportunities...
2026-08-06 23:30:35 - telegram.ext.Application - WARNING - Fetching updates got a asyncio.CancelledError. Ignoring as this task may onlybe closed via `Application.stop`.
2026-08-06 23:30:35 - telegram.ext.Application - INFO - Application is stopping. This might take a moment.
2026-08-06 23:30:35 - apscheduler.scheduler - INFO - Scheduler has been shut down
2026-08-06 23:30:35 - telegram.ext.Application - INFO - Application.stop() complete
2026-08-06 23:30:35 - httpx - INFO - HTTP Request: POST https://api.telegram.org/bot8846739306:AAEAoXLwx1EpuNrXsFgZ7qG2tF65t6ggNhg/getUpdates "HTTP/1.1 200 OK"
2026-08-06 23:30:35 - telegram_handlers - INFO - 👋 Бот завершил работу
2026-08-06 23:30:35 - root - INFO - 👋 Бот завершил работу
2026-08-06 23:37:39 - root - INFO - 
╔═══════════════════════════════════════════════════════╗
║                                                       ║
║   🚀 Funding Arbitrage Bot v1.0.0                    ║
║                                                       ║
║   📊 Анализ фандинга на Bybit                       ║
║   🤖 Telegram бот для арбитража                     ║
║                                                       ║
╚═══════════════════════════════════════════════════════╝
    
2026-08-06 23:37:39 - root - INFO - 📋 Текущие настройки:
2026-08-06 23:37:39 - root - INFO -   • Минимальный фандинг: 0.05%
2026-08-06 23:37:39 - root - INFO -   • Макс время до выплаты: 10 мин
2026-08-06 23:37:39 - root - INFO -   • Минимальный объем: $1,000,000
2026-08-06 23:37:39 - root - INFO -   • Интервал сканирования: 30 сек
2026-08-06 23:37:39 - root - INFO - 
2026-08-06 23:37:39 - root - INFO -   • Спот комиссия: 0.1% (покупка) + 0.1% (продажа)
2026-08-06 23:37:39 - root - INFO -   • Фьючерс комиссия: 0.02% (открытие) + 0.055% (закрытие)
2026-08-06 23:37:39 - root - INFO - ==================================================
2026-08-06 23:37:39 - root - INFO - ✅ Проверка окружения пройдена успешно
2026-08-06 23:37:39 - root - INFO - 📱 Инициализация Telegram бота...
2026-08-06 23:37:39 - root - INFO - ✅ Бот успешно инициализирован
2026-08-06 23:37:39 - root - INFO - 
2026-08-06 23:37:39 - root - INFO - 🚀 Запуск бота...
2026-08-06 23:37:39 - root - INFO - ⏳ Ожидайте уведомлений о найденных кандидатах
2026-08-06 23:37:39 - root - INFO - ==================================================
2026-08-06 23:37:39 - root - INFO - 
2026-08-06 23:37:39 - telegram_handlers - INFO - 🚀 Запуск Telegram бота...
2026-08-06 23:37:39 - httpx - INFO - HTTP Request: POST https://api.telegram.org/bot8846739306:AAEAoXLwx1EpuNrXsFgZ7qG2tF65t6ggNhg/deleteWebhook "HTTP/1.1 200 OK"
2026-08-06 23:37:39 - telegram_handlers - INFO - ✅ Webhook очищен
2026-08-06 23:37:39 - telegram_handlers - INFO - 🔄 Запуск фонового сканера...
2026-08-06 23:37:39 - scanner - INFO - Starting scanner with interval 30 seconds
2026-08-06 23:37:39 - scanner - INFO - Starting scan for funding opportunities...
2026-08-06 23:37:40 - httpx - INFO - HTTP Request: POST https://api.telegram.org/bot8846739306:AAEAoXLwx1EpuNrXsFgZ7qG2tF65t6ggNhg/getMe "HTTP/1.1 200 OK"
2026-08-06 23:37:40 - apscheduler.scheduler - INFO - Scheduler started
2026-08-06 23:37:40 - telegram.ext.Application - INFO - Application started
2026-08-06 23:37:40 - httpx - INFO - HTTP Request: POST https://api.telegram.org/bot8846739306:AAEAoXLwx1EpuNrXsFgZ7qG2tF65t6ggNhg/deleteWebhook "HTTP/1.1 200 OK"
2026-08-06 23:37:40 - telegram_handlers - INFO - ✅ Бот успешно запущен и готов к работе!
2026-08-06 23:37:40 - telegram_handlers - INFO - 📱 Нажмите /start в Telegram для начала работы
2026-08-06 23:37:40 - telegram_handlers - INFO - ==================================================
2026-08-06 23:37:44 - httpx - INFO - HTTP Request: POST https://api.telegram.org/bot8846739306:AAEAoXLwx1EpuNrXsFgZ7qG2tF65t6ggNhg/getUpdates "HTTP/1.1 409 Conflict"
2026-08-06 23:37:44 - telegram.ext.Updater - ERROR - Error while getting Updates: Conflict: terminated by other getUpdates request; make sure that only one bot instance is running
2026-08-06 23:37:44 - telegram.ext.Updater - ERROR - Exception happened while polling for updates.
Traceback (most recent call last):
  File "C:\Users\Alexandr\Desktop\Трейдинг\Fandingeasy\venv\lib\site-packages\telegram\ext\_updater.py", line 688, in _network_loop_retry
    if not await action_cb():
  File "C:\Users\Alexandr\Desktop\Трейдинг\Fandingeasy\venv\lib\site-packages\telegram\ext\_updater.py", line 384, in polling_action_cb
    raise exc
  File "C:\Users\Alexandr\Desktop\Трейдинг\Fandingeasy\venv\lib\site-packages\telegram\ext\_updater.py", line 373, in polling_action_cb
    updates = await self.bot.get_updates(
  File "C:\Users\Alexandr\Desktop\Трейдинг\Fandingeasy\venv\lib\site-packages\telegram\ext\_extbot.py", line 558, in get_updates
    updates = await super().get_updates(
  File "C:\Users\Alexandr\Desktop\Трейдинг\Fandingeasy\venv\lib\site-packages\telegram\_bot.py", line 525, in decorator
    result = await func(self, *args, **kwargs)  # skipcq: PYL-E1102
  File "C:\Users\Alexandr\Desktop\Трейдинг\Fandingeasy\venv\lib\site-packages\telegram\_bot.py", line 3584, in get_updates
    await self._post(
  File "C:\Users\Alexandr\Desktop\Трейдинг\Fandingeasy\venv\lib\site-packages\telegram\_bot.py", line 613, in _post
    return await self._do_post(
  File "C:\Users\Alexandr\Desktop\Трейдинг\Fandingeasy\venv\lib\site-packages\telegram\ext\_extbot.py", line 340, in _do_post
    return await super()._do_post(
  File "C:\Users\Alexandr\Desktop\Трейдинг\Fandingeasy\venv\lib\site-packages\telegram\_bot.py", line 641, in _do_post
    return await request.post(
  File "C:\Users\Alexandr\Desktop\Трейдинг\Fandingeasy\venv\lib\site-packages\telegram\request\_baserequest.py", line 200, in post
    result = await self._request_wrapper(
  File "C:\Users\Alexandr\Desktop\Трейдинг\Fandingeasy\venv\lib\site-packages\telegram\request\_baserequest.py", line 381, in _request_wrapper
    raise Conflict(message)
telegram.error.Conflict: Conflict: terminated by other getUpdates request; make sure that only one bot instance is running
2026-08-06 23:37:50 - httpx - INFO - HTTP Request: POST https://api.telegram.org/bot8846739306:AAEAoXLwx1EpuNrXsFgZ7qG2tF65t6ggNhg/getUpdates "HTTP/1.1 409 Conflict"
2026-08-06 23:37:50 - telegram.ext.Updater - ERROR - Error while getting Updates: Conflict: terminated by other getUpdates request; make sure that only one bot instance is running
2026-08-06 23:37:50 - telegram.ext.Updater - ERROR - Exception happened while polling for updates.
Traceback (most recent call last):
  File "C:\Users\Alexandr\Desktop\Трейдинг\Fandingeasy\venv\lib\site-packages\telegram\ext\_updater.py", line 688, in _network_loop_retry
    if not await action_cb():
  File "C:\Users\Alexandr\Desktop\Трейдинг\Fandingeasy\venv\lib\site-packages\telegram\ext\_updater.py", line 384, in polling_action_cb
    raise exc
  File "C:\Users\Alexandr\Desktop\Трейдинг\Fandingeasy\venv\lib\site-packages\telegram\ext\_updater.py", line 373, in polling_action_cb
    updates = await self.bot.get_updates(
  File "C:\Users\Alexandr\Desktop\Трейдинг\Fandingeasy\venv\lib\site-packages\telegram\ext\_extbot.py", line 558, in get_updates
    updates = await super().get_updates(
  File "C:\Users\Alexandr\Desktop\Трейдинг\Fandingeasy\venv\lib\site-packages\telegram\_bot.py", line 525, in decorator
    result = await func(self, *args, **kwargs)  # skipcq: PYL-E1102
  File "C:\Users\Alexandr\Desktop\Трейдинг\Fandingeasy\venv\lib\site-packages\telegram\_bot.py", line 3584, in get_updates
    await self._post(
  File "C:\Users\Alexandr\Desktop\Трейдинг\Fandingeasy\venv\lib\site-packages\telegram\_bot.py", line 613, in _post
    return await self._do_post(
  File "C:\Users\Alexandr\Desktop\Трейдинг\Fandingeasy\venv\lib\site-packages\telegram\ext\_extbot.py", line 340, in _do_post
    return await super()._do_post(
  File "C:\Users\Alexandr\Desktop\Трейдинг\Fandingeasy\venv\lib\site-packages\telegram\_bot.py", line 641, in _do_post
    return await request.post(
  File "C:\Users\Alexandr\Desktop\Трейдинг\Fandingeasy\venv\lib\site-packages\telegram\request\_baserequest.py", line 200, in post
    result = await self._request_wrapper(
  File "C:\Users\Alexandr\Desktop\Трейдинг\Fandingeasy\venv\lib\site-packages\telegram\request\_baserequest.py", line 381, in _request_wrapper
    raise Conflict(message)
telegram.error.Conflict: Conflict: terminated by other getUpdates request; make sure that only one bot instance is running
2026-08-06 23:37:55 - httpx - INFO - HTTP Request: POST https://api.telegram.org/bot8846739306:AAEAoXLwx1EpuNrXsFgZ7qG2tF65t6ggNhg/getUpdates "HTTP/1.1 409 Conflict"
2026-08-06 23:37:55 - telegram.ext.Updater - ERROR - Error while getting Updates: Conflict: terminated by other getUpdates request; make sure that only one bot instance is running
2026-08-06 23:37:55 - telegram.ext.Updater - ERROR - Exception happened while polling for updates.
Traceback (most recent call last):
  File "C:\Users\Alexandr\Desktop\Трейдинг\Fandingeasy\venv\lib\site-packages\telegram\ext\_updater.py", line 688, in _network_loop_retry
    if not await action_cb():
  File "C:\Users\Alexandr\Desktop\Трейдинг\Fandingeasy\venv\lib\site-packages\telegram\ext\_updater.py", line 384, in polling_action_cb
    raise exc
  File "C:\Users\Alexandr\Desktop\Трейдинг\Fandingeasy\venv\lib\site-packages\telegram\ext\_updater.py", line 373, in polling_action_cb
    updates = await self.bot.get_updates(
  File "C:\Users\Alexandr\Desktop\Трейдинг\Fandingeasy\venv\lib\site-packages\telegram\ext\_extbot.py", line 558, in get_updates
    updates = await super().get_updates(
  File "C:\Users\Alexandr\Desktop\Трейдинг\Fandingeasy\venv\lib\site-packages\telegram\_bot.py", line 525, in decorator
    result = await func(self, *args, **kwargs)  # skipcq: PYL-E1102
  File "C:\Users\Alexandr\Desktop\Трейдинг\Fandingeasy\venv\lib\site-packages\telegram\_bot.py", line 3584, in get_updates
    await self._post(
  File "C:\Users\Alexandr\Desktop\Трейдинг\Fandingeasy\venv\lib\site-packages\telegram\_bot.py", line 613, in _post
    return await self._do_post(
  File "C:\Users\Alexandr\Desktop\Трейдинг\Fandingeasy\venv\lib\site-packages\telegram\ext\_extbot.py", line 340, in _do_post
    return await super()._do_post(
  File "C:\Users\Alexandr\Desktop\Трейдинг\Fandingeasy\venv\lib\site-packages\telegram\_bot.py", line 641, in _do_post
    return await request.post(
  File "C:\Users\Alexandr\Desktop\Трейдинг\Fandingeasy\venv\lib\site-packages\telegram\request\_baserequest.py", line 200, in post
    result = await self._request_wrapper(
  File "C:\Users\Alexandr\Desktop\Трейдинг\Fandingeasy\venv\lib\site-packages\telegram\request\_baserequest.py", line 381, in _request_wrapper
    raise Conflict(message)
telegram.error.Conflict: Conflict: terminated by other getUpdates request; make sure that only one bot instance is running
2026-08-06 23:38:00 - httpx - INFO - HTTP Request: POST https://api.telegram.org/bot8846739306:AAEAoXLwx1EpuNrXsFgZ7qG2tF65t6ggNhg/getUpdates "HTTP/1.1 409 Conflict"
2026-08-06 23:38:00 - telegram.ext.Updater - ERROR - Error while getting Updates: Conflict: terminated by other getUpdates request; make sure that only one bot instance is running
2026-08-06 23:38:00 - telegram.ext.Updater - ERROR - Exception happened while polling for updates.
Traceback (most recent call last):
  File "C:\Users\Alexandr\Desktop\Трейдинг\Fandingeasy\venv\lib\site-packages\telegram\ext\_updater.py", line 688, in _network_loop_retry
    if not await action_cb():
  File "C:\Users\Alexandr\Desktop\Трейдинг\Fandingeasy\venv\lib\site-packages\telegram\ext\_updater.py", line 384, in polling_action_cb
    raise exc
  File "C:\Users\Alexandr\Desktop\Трейдинг\Fandingeasy\venv\lib\site-packages\telegram\ext\_updater.py", line 373, in polling_action_cb
    updates = await self.bot.get_updates(
  File "C:\Users\Alexandr\Desktop\Трейдинг\Fandingeasy\venv\lib\site-packages\telegram\ext\_extbot.py", line 558, in get_updates
    updates = await super().get_updates(
  File "C:\Users\Alexandr\Desktop\Трейдинг\Fandingeasy\venv\lib\site-packages\telegram\_bot.py", line 525, in decorator
    result = await func(self, *args, **kwargs)  # skipcq: PYL-E1102
  File "C:\Users\Alexandr\Desktop\Трейдинг\Fandingeasy\venv\lib\site-packages\telegram\_bot.py", line 3584, in get_updates
    await self._post(
  File "C:\Users\Alexandr\Desktop\Трейдинг\Fandingeasy\venv\lib\site-packages\telegram\_bot.py", line 613, in _post
    return await self._do_post(
  File "C:\Users\Alexandr\Desktop\Трейдинг\Fandingeasy\venv\lib\site-packages\telegram\ext\_extbot.py", line 340, in _do_post
    return await super()._do_post(
  File "C:\Users\Alexandr\Desktop\Трейдинг\Fandingeasy\venv\lib\site-packages\telegram\_bot.py", line 641, in _do_post
    return await request.post(
  File "C:\Users\Alexandr\Desktop\Трейдинг\Fandingeasy\venv\lib\site-packages\telegram\request\_baserequest.py", line 200, in post
    result = await self._request_wrapper(
  File "C:\Users\Alexandr\Desktop\Трейдинг\Fandingeasy\venv\lib\site-packages\telegram\request\_baserequest.py", line 381, in _request_wrapper
    raise Conflict(message)
telegram.error.Conflict: Conflict: terminated by other getUpdates request; make sure that only one bot instance is running
2026-08-06 23:38:07 - httpx - INFO - HTTP Request: POST https://api.telegram.org/bot8846739306:AAEAoXLwx1EpuNrXsFgZ7qG2tF65t6ggNhg/getUpdates "HTTP/1.1 409 Conflict"
2026-08-06 23:38:07 - telegram.ext.Updater - ERROR - Error while getting Updates: Conflict: terminated by other getUpdates request; make sure that only one bot instance is running
2026-08-06 23:38:07 - telegram.ext.Updater - ERROR - Exception happened while polling for updates.
Traceback (most recent call last):
  File "C:\Users\Alexandr\Desktop\Трейдинг\Fandingeasy\venv\lib\site-packages\telegram\ext\_updater.py", line 688, in _network_loop_retry
    if not await action_cb():
  File "C:\Users\Alexandr\Desktop\Трейдинг\Fandingeasy\venv\lib\site-packages\telegram\ext\_updater.py", line 384, in polling_action_cb
    raise exc
  File "C:\Users\Alexandr\Desktop\Трейдинг\Fandingeasy\venv\lib\site-packages\telegram\ext\_updater.py", line 373, in polling_action_cb
    updates = await self.bot.get_updates(
  File "C:\Users\Alexandr\Desktop\Трейдинг\Fandingeasy\venv\lib\site-packages\telegram\ext\_extbot.py", line 558, in get_updates
    updates = await super().get_updates(
  File "C:\Users\Alexandr\Desktop\Трейдинг\Fandingeasy\venv\lib\site-packages\telegram\_bot.py", line 525, in decorator
    result = await func(self, *args, **kwargs)  # skipcq: PYL-E1102
  File "C:\Users\Alexandr\Desktop\Трейдинг\Fandingeasy\venv\lib\site-packages\telegram\_bot.py", line 3584, in get_updates
    await self._post(
  File "C:\Users\Alexandr\Desktop\Трейдинг\Fandingeasy\venv\lib\site-packages\telegram\_bot.py", line 613, in _post
    return await self._do_post(
  File "C:\Users\Alexandr\Desktop\Трейдинг\Fandingeasy\venv\lib\site-packages\telegram\ext\_extbot.py", line 340, in _do_post
    return await super()._do_post(
  File "C:\Users\Alexandr\Desktop\Трейдинг\Fandingeasy\venv\lib\site-packages\telegram\_bot.py", line 641, in _do_post
    return await request.post(
  File "C:\Users\Alexandr\Desktop\Трейдинг\Fandingeasy\venv\lib\site-packages\telegram\request\_baserequest.py", line 200, in post
    result = await self._request_wrapper(
  File "C:\Users\Alexandr\Desktop\Трейдинг\Fandingeasy\venv\lib\site-packages\telegram\request\_baserequest.py", line 381, in _request_wrapper
    raise Conflict(message)
telegram.error.Conflict: Conflict: terminated by other getUpdates request; make sure that only one bot instance is running
2026-08-06 23:38:09 - scanner - INFO - Starting scan for funding opportunities...
2026-08-06 23:38:18 - httpx - INFO - HTTP Request: POST https://api.telegram.org/bot8846739306:AAEAoXLwx1EpuNrXsFgZ7qG2tF65t6ggNhg/getUpdates "HTTP/1.1 409 Conflict"
2026-08-06 23:38:18 - telegram.ext.Updater - ERROR - Error while getting Updates: Conflict: terminated by other getUpdates request; make sure that only one bot instance is running
2026-08-06 23:38:18 - telegram.ext.Updater - ERROR - Exception happened while polling for updates.
Traceback (most recent call last):
  File "C:\Users\Alexandr\Desktop\Трейдинг\Fandingeasy\venv\lib\site-packages\telegram\ext\_updater.py", line 688, in _network_loop_retry
    if not await action_cb():
  File "C:\Users\Alexandr\Desktop\Трейдинг\Fandingeasy\venv\lib\site-packages\telegram\ext\_updater.py", line 384, in polling_action_cb
    raise exc
  File "C:\Users\Alexandr\Desktop\Трейдинг\Fandingeasy\venv\lib\site-packages\telegram\ext\_updater.py", line 373, in polling_action_cb
    updates = await self.bot.get_updates(
  File "C:\Users\Alexandr\Desktop\Трейдинг\Fandingeasy\venv\lib\site-packages\telegram\ext\_extbot.py", line 558, in get_updates
    updates = await super().get_updates(
  File "C:\Users\Alexandr\Desktop\Трейдинг\Fandingeasy\venv\lib\site-packages\telegram\_bot.py", line 525, in decorator
    result = await func(self, *args, **kwargs)  # skipcq: PYL-E1102
  File "C:\Users\Alexandr\Desktop\Трейдинг\Fandingeasy\venv\lib\site-packages\telegram\_bot.py", line 3584, in get_updates
    await self._post(
  File "C:\Users\Alexandr\Desktop\Трейдинг\Fandingeasy\venv\lib\site-packages\telegram\_bot.py", line 613, in _post
    return await self._do_post(
  File "C:\Users\Alexandr\Desktop\Трейдинг\Fandingeasy\venv\lib\site-packages\telegram\ext\_extbot.py", line 340, in _do_post
    return await super()._do_post(
  File "C:\Users\Alexandr\Desktop\Трейдинг\Fandingeasy\venv\lib\site-packages\telegram\_bot.py", line 641, in _do_post
    return await request.post(
  File "C:\Users\Alexandr\Desktop\Трейдинг\Fandingeasy\venv\lib\site-packages\telegram\request\_baserequest.py", line 200, in post
    result = await self._request_wrapper(
  File "C:\Users\Alexandr\Desktop\Трейдинг\Fandingeasy\venv\lib\site-packages\telegram\request\_baserequest.py", line 381, in _request_wrapper
    raise Conflict(message)
telegram.error.Conflict: Conflict: terminated by other getUpdates request; make sure that only one bot instance is running
2026-08-06 23:38:30 - httpx - INFO - HTTP Request: POST https://api.telegram.org/bot8846739306:AAEAoXLwx1EpuNrXsFgZ7qG2tF65t6ggNhg/getUpdates "HTTP/1.1 409 Conflict"
2026-08-06 23:38:30 - telegram.ext.Updater - ERROR - Error while getting Updates: Conflict: terminated by other getUpdates request; make sure that only one bot instance is running
2026-08-06 23:38:30 - telegram.ext.Updater - ERROR - Exception happened while polling for updates.
Traceback (most recent call last):
  File "C:\Users\Alexandr\Desktop\Трейдинг\Fandingeasy\venv\lib\site-packages\telegram\ext\_updater.py", line 688, in _network_loop_retry
    if not await action_cb():
  File "C:\Users\Alexandr\Desktop\Трейдинг\Fandingeasy\venv\lib\site-packages\telegram\ext\_updater.py", line 384, in polling_action_cb
    raise exc
  File "C:\Users\Alexandr\Desktop\Трейдинг\Fandingeasy\venv\lib\site-packages\telegram\ext\_updater.py", line 373, in polling_action_cb
    updates = await self.bot.get_updates(
  File "C:\Users\Alexandr\Desktop\Трейдинг\Fandingeasy\venv\lib\site-packages\telegram\ext\_extbot.py", line 558, in get_updates
    updates = await super().get_updates(
  File "C:\Users\Alexandr\Desktop\Трейдинг\Fandingeasy\venv\lib\site-packages\telegram\_bot.py", line 525, in decorator
    result = await func(self, *args, **kwargs)  # skipcq: PYL-E1102
  File "C:\Users\Alexandr\Desktop\Трейдинг\Fandingeasy\venv\lib\site-packages\telegram\_bot.py", line 3584, in get_updates
    await self._post(
  File "C:\Users\Alexandr\Desktop\Трейдинг\Fandingeasy\venv\lib\site-packages\telegram\_bot.py", line 613, in _post
    return await self._do_post(
  File "C:\Users\Alexandr\Desktop\Трейдинг\Fandingeasy\venv\lib\site-packages\telegram\ext\_extbot.py", line 340, in _do_post
    return await super()._do_post(
  File "C:\Users\Alexandr\Desktop\Трейдинг\Fandingeasy\venv\lib\site-packages\telegram\_bot.py", line 641, in _do_post
    return await request.post(
  File "C:\Users\Alexandr\Desktop\Трейдинг\Fandingeasy\venv\lib\site-packages\telegram\request\_baserequest.py", line 200, in post
    result = await self._request_wrapper(
  File "C:\Users\Alexandr\Desktop\Трейдинг\Fandingeasy\venv\lib\site-packages\telegram\request\_baserequest.py", line 381, in _request_wrapper
    raise Conflict(message)
telegram.error.Conflict: Conflict: terminated by other getUpdates request; make sure that only one bot instance is running
2026-08-06 23:38:40 - scanner - INFO - Starting scan for funding opportunities...
2026-08-06 23:38:43 - httpx - INFO - HTTP Request: POST https://api.telegram.org/bot8846739306:AAEAoXLwx1EpuNrXsFgZ7qG2tF65t6ggNhg/getUpdates "HTTP/1.1 409 Conflict"
2026-08-06 23:38:43 - telegram.ext.Updater - ERROR - Error while getting Updates: Conflict: terminated by other getUpdates request; make sure that only one bot instance is running
2026-08-06 23:38:43 - telegram.ext.Updater - ERROR - Exception happened while polling for updates.
Traceback (most recent call last):
  File "C:\Users\Alexandr\Desktop\Трейдинг\Fandingeasy\venv\lib\site-packages\telegram\ext\_updater.py", line 688, in _network_loop_retry
    if not await action_cb():
  File "C:\Users\Alexandr\Desktop\Трейдинг\Fandingeasy\venv\lib\site-packages\telegram\ext\_updater.py", line 384, in polling_action_cb
    raise exc
  File "C:\Users\Alexandr\Desktop\Трейдинг\Fandingeasy\venv\lib\site-packages\telegram\ext\_updater.py", line 373, in polling_action_cb
    updates = await self.bot.get_updates(
  File "C:\Users\Alexandr\Desktop\Трейдинг\Fandingeasy\venv\lib\site-packages\telegram\ext\_extbot.py", line 558, in get_updates
    updates = await super().get_updates(
  File "C:\Users\Alexandr\Desktop\Трейдинг\Fandingeasy\venv\lib\site-packages\telegram\_bot.py", line 525, in decorator
    result = await func(self, *args, **kwargs)  # skipcq: PYL-E1102
  File "C:\Users\Alexandr\Desktop\Трейдинг\Fandingeasy\venv\lib\site-packages\telegram\_bot.py", line 3584, in get_updates
    await self._post(
  File "C:\Users\Alexandr\Desktop\Трейдинг\Fandingeasy\venv\lib\site-packages\telegram\_bot.py", line 613, in _post
    return await self._do_post(
  File "C:\Users\Alexandr\Desktop\Трейдинг\Fandingeasy\venv\lib\site-packages\telegram\ext\_extbot.py", line 340, in _do_post
    return await super()._do_post(
  File "C:\Users\Alexandr\Desktop\Трейдинг\Fandingeasy\venv\lib\site-packages\telegram\_bot.py", line 641, in _do_post
    return await request.post(
  File "C:\Users\Alexandr\Desktop\Трейдинг\Fandingeasy\venv\lib\site-packages\telegram\request\_baserequest.py", line 200, in post
    result = await self._request_wrapper(
  File "C:\Users\Alexandr\Desktop\Трейдинг\Fandingeasy\venv\lib\site-packages\telegram\request\_baserequest.py", line 381, in _request_wrapper
    raise Conflict(message)
telegram.error.Conflict: Conflict: terminated by other getUpdates request; make sure that only one bot instance is running
2026-08-06 23:38:59 - httpx - INFO - HTTP Request: POST https://api.telegram.org/bot8846739306:AAEAoXLwx1EpuNrXsFgZ7qG2tF65t6ggNhg/getUpdates "HTTP/1.1 409 Conflict"
2026-08-06 23:38:59 - telegram.ext.Updater - ERROR - Error while getting Updates: Conflict: terminated by other getUpdates request; make sure that only one bot instance is running
2026-08-06 23:38:59 - telegram.ext.Updater - ERROR - Exception happened while polling for updates.
Traceback (most recent call last):
  File "C:\Users\Alexandr\Desktop\Трейдинг\Fandingeasy\venv\lib\site-packages\telegram\ext\_updater.py", line 688, in _network_loop_retry
    if not await action_cb():
  File "C:\Users\Alexandr\Desktop\Трейдинг\Fandingeasy\venv\lib\site-packages\telegram\ext\_updater.py", line 384, in polling_action_cb
    raise exc
  File "C:\Users\Alexandr\Desktop\Трейдинг\Fandingeasy\venv\lib\site-packages\telegram\ext\_updater.py", line 373, in polling_action_cb
    updates = await self.bot.get_updates(
  File "C:\Users\Alexandr\Desktop\Трейдинг\Fandingeasy\venv\lib\site-packages\telegram\ext\_extbot.py", line 558, in get_updates
    updates = await super().get_updates(
  File "C:\Users\Alexandr\Desktop\Трейдинг\Fandingeasy\venv\lib\site-packages\telegram\_bot.py", line 525, in decorator
    result = await func(self, *args, **kwargs)  # skipcq: PYL-E1102
  File "C:\Users\Alexandr\Desktop\Трейдинг\Fandingeasy\venv\lib\site-packages\telegram\_bot.py", line 3584, in get_updates
    await self._post(
  File "C:\Users\Alexandr\Desktop\Трейдинг\Fandingeasy\venv\lib\site-packages\telegram\_bot.py", line 613, in _post
    return await self._do_post(
  File "C:\Users\Alexandr\Desktop\Трейдинг\Fandingeasy\venv\lib\site-packages\telegram\ext\_extbot.py", line 340, in _do_post
    return await super()._do_post(
  File "C:\Users\Alexandr\Desktop\Трейдинг\Fandingeasy\venv\lib\site-packages\telegram\_bot.py", line 641, in _do_post
    return await request.post(
  File "C:\Users\Alexandr\Desktop\Трейдинг\Fandingeasy\venv\lib\site-packages\telegram\request\_baserequest.py", line 200, in post
    result = await self._request_wrapper(
  File "C:\Users\Alexandr\Desktop\Трейдинг\Fandingeasy\venv\lib\site-packages\telegram\request\_baserequest.py", line 381, in _request_wrapper
    raise Conflict(message)
telegram.error.Conflict: Conflict: terminated by other getUpdates request; make sure that only one bot instance is running
2026-08-06 23:39:10 - scanner - INFO - Starting scan for funding opportunities...
2026-08-06 23:39:23 - httpx - INFO - HTTP Request: POST https://api.telegram.org/bot8846739306:AAEAoXLwx1EpuNrXsFgZ7qG2tF65t6ggNhg/getUpdates "HTTP/1.1 409 Conflict"
2026-08-06 23:39:23 - telegram.ext.Updater - ERROR - Error while getting Updates: Conflict: terminated by other getUpdates request; make sure that only one bot instance is running
2026-08-06 23:39:23 - telegram.ext.Updater - ERROR - Exception happened while polling for updates.
Traceback (most recent call last):
  File "C:\Users\Alexandr\Desktop\Трейдинг\Fandingeasy\venv\lib\site-packages\telegram\ext\_updater.py", line 688, in _network_loop_retry
    if not await action_cb():
  File "C:\Users\Alexandr\Desktop\Трейдинг\Fandingeasy\venv\lib\site-packages\telegram\ext\_updater.py", line 384, in polling_action_cb
    raise exc
  File "C:\Users\Alexandr\Desktop\Трейдинг\Fandingeasy\venv\lib\site-packages\telegram\ext\_updater.py", line 373, in polling_action_cb
    updates = await self.bot.get_updates(
  File "C:\Users\Alexandr\Desktop\Трейдинг\Fandingeasy\venv\lib\site-packages\telegram\ext\_extbot.py", line 558, in get_updates
    updates = await super().get_updates(
  File "C:\Users\Alexandr\Desktop\Трейдинг\Fandingeasy\venv\lib\site-packages\telegram\_bot.py", line 525, in decorator
    result = await func(self, *args, **kwargs)  # skipcq: PYL-E1102
  File "C:\Users\Alexandr\Desktop\Трейдинг\Fandingeasy\venv\lib\site-packages\telegram\_bot.py", line 3584, in get_updates
    await self._post(
  File "C:\Users\Alexandr\Desktop\Трейдинг\Fandingeasy\venv\lib\site-packages\telegram\_bot.py", line 613, in _post
    return await self._do_post(
  File "C:\Users\Alexandr\Desktop\Трейдинг\Fandingeasy\venv\lib\site-packages\telegram\ext\_extbot.py", line 340, in _do_post
    return await super()._do_post(
  File "C:\Users\Alexandr\Desktop\Трейдинг\Fandingeasy\venv\lib\site-packages\telegram\_bot.py", line 641, in _do_post
    return await request.post(
  File "C:\Users\Alexandr\Desktop\Трейдинг\Fandingeasy\venv\lib\site-packages\telegram\request\_baserequest.py", line 200, in post
    result = await self._request_wrapper(
  File "C:\Users\Alexandr\Desktop\Трейдинг\Fandingeasy\venv\lib\site-packages\telegram\request\_baserequest.py", line 381, in _request_wrapper
    raise Conflict(message)
telegram.error.Conflict: Conflict: terminated by other getUpdates request; make sure that only one bot instance is running
2026-08-06 23:39:40 - scanner - INFO - Starting scan for funding opportunities...
2026-08-06 23:39:55 - httpx - INFO - HTTP Request: POST https://api.telegram.org/bot8846739306:AAEAoXLwx1EpuNrXsFgZ7qG2tF65t6ggNhg/getUpdates "HTTP/1.1 409 Conflict"
2026-08-06 23:39:55 - telegram.ext.Updater - ERROR - Error while getting Updates: Conflict: terminated by other getUpdates request; make sure that only one bot instance is running
2026-08-06 23:39:55 - telegram.ext.Updater - ERROR - Exception happened while polling for updates.
Traceback (most recent call last):
  File "C:\Users\Alexandr\Desktop\Трейдинг\Fandingeasy\venv\lib\site-packages\telegram\ext\_updater.py", line 688, in _network_loop_retry
    if not await action_cb():
  File "C:\Users\Alexandr\Desktop\Трейдинг\Fandingeasy\venv\lib\site-packages\telegram\ext\_updater.py", line 384, in polling_action_cb
    raise exc
  File "C:\Users\Alexandr\Desktop\Трейдинг\Fandingeasy\venv\lib\site-packages\telegram\ext\_updater.py", line 373, in polling_action_cb
    updates = await self.bot.get_updates(
  File "C:\Users\Alexandr\Desktop\Трейдинг\Fandingeasy\venv\lib\site-packages\telegram\ext\_extbot.py", line 558, in get_updates
    updates = await super().get_updates(
  File "C:\Users\Alexandr\Desktop\Трейдинг\Fandingeasy\venv\lib\site-packages\telegram\_bot.py", line 525, in decorator
    result = await func(self, *args, **kwargs)  # skipcq: PYL-E1102
  File "C:\Users\Alexandr\Desktop\Трейдинг\Fandingeasy\venv\lib\site-packages\telegram\_bot.py", line 3584, in get_updates
    await self._post(
  File "C:\Users\Alexandr\Desktop\Трейдинг\Fandingeasy\venv\lib\site-packages\telegram\_bot.py", line 613, in _post
    return await self._do_post(
  File "C:\Users\Alexandr\Desktop\Трейдинг\Fandingeasy\venv\lib\site-packages\telegram\ext\_extbot.py", line 340, in _do_post
    return await super()._do_post(
  File "C:\Users\Alexandr\Desktop\Трейдинг\Fandingeasy\venv\lib\site-packages\telegram\_bot.py", line 641, in _do_post
    return await request.post(
  File "C:\Users\Alexandr\Desktop\Трейдинг\Fandingeasy\venv\lib\site-packages\telegram\request\_baserequest.py", line 200, in post
    result = await self._request_wrapper(
  File "C:\Users\Alexandr\Desktop\Трейдинг\Fandingeasy\venv\lib\site-packages\telegram\request\_baserequest.py", line 381, in _request_wrapper
    raise Conflict(message)
telegram.error.Conflict: Conflict: terminated by other getUpdates request; make sure that only one bot instance is running
2026-08-06 23:40:10 - scanner - INFO - Starting scan for funding opportunities...
2026-08-06 23:40:30 - httpx - INFO - HTTP Request: POST https://api.telegram.org/bot8846739306:AAEAoXLwx1EpuNrXsFgZ7qG2tF65t6ggNhg/getUpdates "HTTP/1.1 409 Conflict"
2026-08-06 23:40:30 - telegram.ext.Updater - ERROR - Error while getting Updates: Conflict: terminated by other getUpdates request; make sure that only one bot instance is running
2026-08-06 23:40:30 - telegram.ext.Updater - ERROR - Exception happened while polling for updates.
Traceback (most recent call last):
  File "C:\Users\Alexandr\Desktop\Трейдинг\Fandingeasy\venv\lib\site-packages\telegram\ext\_updater.py", line 688, in _network_loop_retry
    if not await action_cb():
  File "C:\Users\Alexandr\Desktop\Трейдинг\Fandingeasy\venv\lib\site-packages\telegram\ext\_updater.py", line 384, in polling_action_cb
    raise exc
  File "C:\Users\Alexandr\Desktop\Трейдинг\Fandingeasy\venv\lib\site-packages\telegram\ext\_updater.py", line 373, in polling_action_cb
    updates = await self.bot.get_updates(
  File "C:\Users\Alexandr\Desktop\Трейдинг\Fandingeasy\venv\lib\site-packages\telegram\ext\_extbot.py", line 558, in get_updates
    updates = await super().get_updates(
  File "C:\Users\Alexandr\Desktop\Трейдинг\Fandingeasy\venv\lib\site-packages\telegram\_bot.py", line 525, in decorator
    result = await func(self, *args, **kwargs)  # skipcq: PYL-E1102
  File "C:\Users\Alexandr\Desktop\Трейдинг\Fandingeasy\venv\lib\site-packages\telegram\_bot.py", line 3584, in get_updates
    await self._post(
  File "C:\Users\Alexandr\Desktop\Трейдинг\Fandingeasy\venv\lib\site-packages\telegram\_bot.py", line 613, in _post
    return await self._do_post(
  File "C:\Users\Alexandr\Desktop\Трейдинг\Fandingeasy\venv\lib\site-packages\telegram\ext\_extbot.py", line 340, in _do_post
    return await super()._do_post(
  File "C:\Users\Alexandr\Desktop\Трейдинг\Fandingeasy\venv\lib\site-packages\telegram\_bot.py", line 641, in _do_post
    return await request.post(
  File "C:\Users\Alexandr\Desktop\Трейдинг\Fandingeasy\venv\lib\site-packages\telegram\request\_baserequest.py", line 200, in post
    result = await self._request_wrapper(
  File "C:\Users\Alexandr\Desktop\Трейдинг\Fandingeasy\venv\lib\site-packages\telegram\request\_baserequest.py", line 381, in _request_wrapper
    raise Conflict(message)
telegram.error.Conflict: Conflict: terminated by other getUpdates request; make sure that only one bot instance is running
2026-08-06 23:40:41 - scanner - INFO - Starting scan for funding opportunities...
2026-08-06 23:41:04 - httpx - INFO - HTTP Request: POST https://api.telegram.org/bot8846739306:AAEAoXLwx1EpuNrXsFgZ7qG2tF65t6ggNhg/getUpdates "HTTP/1.1 409 Conflict"
2026-08-06 23:41:04 - telegram.ext.Updater - ERROR - Error while getting Updates: Conflict: terminated by other getUpdates request; make sure that only one bot instance is running
2026-08-06 23:41:04 - telegram.ext.Updater - ERROR - Exception happened while polling for updates.
Traceback (most recent call last):
  File "C:\Users\Alexandr\Desktop\Трейдинг\Fandingeasy\venv\lib\site-packages\telegram\ext\_updater.py", line 688, in _network_loop_retry
    if not await action_cb():
  File "C:\Users\Alexandr\Desktop\Трейдинг\Fandingeasy\venv\lib\site-packages\telegram\ext\_updater.py", line 384, in polling_action_cb
    raise exc
  File "C:\Users\Alexandr\Desktop\Трейдинг\Fandingeasy\venv\lib\site-packages\telegram\ext\_updater.py", line 373, in polling_action_cb
    updates = await self.bot.get_updates(
  File "C:\Users\Alexandr\Desktop\Трейдинг\Fandingeasy\venv\lib\site-packages\telegram\ext\_extbot.py", line 558, in get_updates
    updates = await super().get_updates(
  File "C:\Users\Alexandr\Desktop\Трейдинг\Fandingeasy\venv\lib\site-packages\telegram\_bot.py", line 525, in decorator
    result = await func(self, *args, **kwargs)  # skipcq: PYL-E1102
  File "C:\Users\Alexandr\Desktop\Трейдинг\Fandingeasy\venv\lib\site-packages\telegram\_bot.py", line 3584, in get_updates
    await self._post(
  File "C:\Users\Alexandr\Desktop\Трейдинг\Fandingeasy\venv\lib\site-packages\telegram\_bot.py", line 613, in _post
    return await self._do_post(
  File "C:\Users\Alexandr\Desktop\Трейдинг\Fandingeasy\venv\lib\site-packages\telegram\ext\_extbot.py", line 340, in _do_post
    return await super()._do_post(
  File "C:\Users\Alexandr\Desktop\Трейдинг\Fandingeasy\venv\lib\site-packages\telegram\_bot.py", line 641, in _do_post
    return await request.post(
  File "C:\Users\Alexandr\Desktop\Трейдинг\Fandingeasy\venv\lib\site-packages\telegram\request\_baserequest.py", line 200, in post
    result = await self._request_wrapper(
  File "C:\Users\Alexandr\Desktop\Трейдинг\Fandingeasy\venv\lib\site-packages\telegram\request\_baserequest.py", line 381, in _request_wrapper
    raise Conflict(message)
telegram.error.Conflict: Conflict: terminated by other getUpdates request; make sure that only one bot instance is running
2026-08-06 23:41:11 - scanner - INFO - Starting scan for funding opportunities...
2026-08-06 23:41:38 - httpx - INFO - HTTP Request: POST https://api.telegram.org/bot8846739306:AAEAoXLwx1EpuNrXsFgZ7qG2tF65t6ggNhg/getUpdates "HTTP/1.1 409 Conflict"
2026-08-06 23:41:38 - telegram.ext.Updater - ERROR - Error while getting Updates: Conflict: terminated by other getUpdates request; make sure that only one bot instance is running
2026-08-06 23:41:38 - telegram.ext.Updater - ERROR - Exception happened while polling for updates.
Traceback (most recent call last):
  File "C:\Users\Alexandr\Desktop\Трейдинг\Fandingeasy\venv\lib\site-packages\telegram\ext\_updater.py", line 688, in _network_loop_retry
    if not await action_cb():
  File "C:\Users\Alexandr\Desktop\Трейдинг\Fandingeasy\venv\lib\site-packages\telegram\ext\_updater.py", line 384, in polling_action_cb
    raise exc
  File "C:\Users\Alexandr\Desktop\Трейдинг\Fandingeasy\venv\lib\site-packages\telegram\ext\_updater.py", line 373, in polling_action_cb
    updates = await self.bot.get_updates(
  File "C:\Users\Alexandr\Desktop\Трейдинг\Fandingeasy\venv\lib\site-packages\telegram\ext\_extbot.py", line 558, in get_updates
    updates = await super().get_updates(
  File "C:\Users\Alexandr\Desktop\Трейдинг\Fandingeasy\venv\lib\site-packages\telegram\_bot.py", line 525, in decorator
    result = await func(self, *args, **kwargs)  # skipcq: PYL-E1102
  File "C:\Users\Alexandr\Desktop\Трейдинг\Fandingeasy\venv\lib\site-packages\telegram\_bot.py", line 3584, in get_updates
    await self._post(
  File "C:\Users\Alexandr\Desktop\Трейдинг\Fandingeasy\venv\lib\site-packages\telegram\_bot.py", line 613, in _post
    return await self._do_post(
  File "C:\Users\Alexandr\Desktop\Трейдинг\Fandingeasy\venv\lib\site-packages\telegram\ext\_extbot.py", line 340, in _do_post
    return await super()._do_post(
  File "C:\Users\Alexandr\Desktop\Трейдинг\Fandingeasy\venv\lib\site-packages\telegram\_bot.py", line 641, in _do_post
    return await request.post(
  File "C:\Users\Alexandr\Desktop\Трейдинг\Fandingeasy\venv\lib\site-packages\telegram\request\_baserequest.py", line 200, in post
    result = await self._request_wrapper(
  File "C:\Users\Alexandr\Desktop\Трейдинг\Fandingeasy\venv\lib\site-packages\telegram\request\_baserequest.py", line 381, in _request_wrapper
    raise Conflict(message)
telegram.error.Conflict: Conflict: terminated by other getUpdates request; make sure that only one bot instance is running
2026-08-06 23:41:41 - scanner - INFO - Starting scan for funding opportunities...
2026-08-06 23:42:12 - scanner - INFO - Starting scan for funding opportunities...
2026-08-06 23:42:12 - httpx - INFO - HTTP Request: POST https://api.telegram.org/bot8846739306:AAEAoXLwx1EpuNrXsFgZ7qG2tF65t6ggNhg/getUpdates "HTTP/1.1 409 Conflict"
2026-08-06 23:42:12 - telegram.ext.Updater - ERROR - Error while getting Updates: Conflict: terminated by other getUpdates request; make sure that only one bot instance is running
2026-08-06 23:42:12 - telegram.ext.Updater - ERROR - Exception happened while polling for updates.
Traceback (most recent call last):
  File "C:\Users\Alexandr\Desktop\Трейдинг\Fandingeasy\venv\lib\site-packages\telegram\ext\_updater.py", line 688, in _network_loop_retry
    if not await action_cb():
  File "C:\Users\Alexandr\Desktop\Трейдинг\Fandingeasy\venv\lib\site-packages\telegram\ext\_updater.py", line 384, in polling_action_cb
    raise exc
  File "C:\Users\Alexandr\Desktop\Трейдинг\Fandingeasy\venv\lib\site-packages\telegram\ext\_updater.py", line 373, in polling_action_cb
    updates = await self.bot.get_updates(
  File "C:\Users\Alexandr\Desktop\Трейдинг\Fandingeasy\venv\lib\site-packages\telegram\ext\_extbot.py", line 558, in get_updates
    updates = await super().get_updates(
  File "C:\Users\Alexandr\Desktop\Трейдинг\Fandingeasy\venv\lib\site-packages\telegram\_bot.py", line 525, in decorator
    result = await func(self, *args, **kwargs)  # skipcq: PYL-E1102
  File "C:\Users\Alexandr\Desktop\Трейдинг\Fandingeasy\venv\lib\site-packages\telegram\_bot.py", line 3584, in get_updates
    await self._post(
  File "C:\Users\Alexandr\Desktop\Трейдинг\Fandingeasy\venv\lib\site-packages\telegram\_bot.py", line 613, in _post
    return await self._do_post(
  File "C:\Users\Alexandr\Desktop\Трейдинг\Fandingeasy\venv\lib\site-packages\telegram\ext\_extbot.py", line 340, in _do_post
    return await super()._do_post(
  File "C:\Users\Alexandr\Desktop\Трейдинг\Fandingeasy\venv\lib\site-packages\telegram\_bot.py", line 641, in _do_post
    return await request.post(
  File "C:\Users\Alexandr\Desktop\Трейдинг\Fandingeasy\venv\lib\site-packages\telegram\request\_baserequest.py", line 200, in post
    result = await self._request_wrapper(
  File "C:\Users\Alexandr\Desktop\Трейдинг\Fandingeasy\venv\lib\site-packages\telegram\request\_baserequest.py", line 381, in _request_wrapper
    raise Conflict(message)
telegram.error.Conflict: Conflict: terminated by other getUpdates request; make sure that only one bot instance is running
2026-08-06 23:42:42 - scanner - INFO - Starting scan for funding opportunities...
2026-08-06 23:42:47 - httpx - INFO - HTTP Request: POST https://api.telegram.org/bot8846739306:AAEAoXLwx1EpuNrXsFgZ7qG2tF65t6ggNhg/getUpdates "HTTP/1.1 409 Conflict"
2026-08-06 23:42:47 - telegram.ext.Updater - ERROR - Error while getting Updates: Conflict: terminated by other getUpdates request; make sure that only one bot instance is running
2026-08-06 23:42:47 - telegram.ext.Updater - ERROR - Exception happened while polling for updates.
Traceback (most recent call last):
  File "C:\Users\Alexandr\Desktop\Трейдинг\Fandingeasy\venv\lib\site-packages\telegram\ext\_updater.py", line 688, in _network_loop_retry
    if not await action_cb():
  File "C:\Users\Alexandr\Desktop\Трейдинг\Fandingeasy\venv\lib\site-packages\telegram\ext\_updater.py", line 384, in polling_action_cb
    raise exc
  File "C:\Users\Alexandr\Desktop\Трейдинг\Fandingeasy\venv\lib\site-packages\telegram\ext\_updater.py", line 373, in polling_action_cb
    updates = await self.bot.get_updates(
  File "C:\Users\Alexandr\Desktop\Трейдинг\Fandingeasy\venv\lib\site-packages\telegram\ext\_extbot.py", line 558, in get_updates
    updates = await super().get_updates(
  File "C:\Users\Alexandr\Desktop\Трейдинг\Fandingeasy\venv\lib\site-packages\telegram\_bot.py", line 525, in decorator
    result = await func(self, *args, **kwargs)  # skipcq: PYL-E1102
  File "C:\Users\Alexandr\Desktop\Трейдинг\Fandingeasy\venv\lib\site-packages\telegram\_bot.py", line 3584, in get_updates
    await self._post(
  File "C:\Users\Alexandr\Desktop\Трейдинг\Fandingeasy\venv\lib\site-packages\telegram\_bot.py", line 613, in _post
    return await self._do_post(
  File "C:\Users\Alexandr\Desktop\Трейдинг\Fandingeasy\venv\lib\site-packages\telegram\ext\_extbot.py", line 340, in _do_post
    return await super()._do_post(
  File "C:\Users\Alexandr\Desktop\Трейдинг\Fandingeasy\venv\lib\site-packages\telegram\_bot.py", line 641, in _do_post
    return await request.post(
  File "C:\Users\Alexandr\Desktop\Трейдинг\Fandingeasy\venv\lib\site-packages\telegram\request\_baserequest.py", line 200, in post
    result = await self._request_wrapper(
  File "C:\Users\Alexandr\Desktop\Трейдинг\Fandingeasy\venv\lib\site-packages\telegram\request\_baserequest.py", line 381, in _request_wrapper
    raise Conflict(message)
telegram.error.Conflict: Conflict: terminated by other getUpdates request; make sure that only one bot instance is running
2026-08-06 23:43:12 - scanner - INFO - Starting scan for funding opportunities...
2026-08-06 23:43:21 - httpx - INFO - HTTP Request: POST https://api.telegram.org/bot8846739306:AAEAoXLwx1EpuNrXsFgZ7qG2tF65t6ggNhg/getUpdates "HTTP/1.1 409 Conflict"
2026-08-06 23:43:21 - telegram.ext.Updater - ERROR - Error while getting Updates: Conflict: terminated by other getUpdates request; make sure that only one bot instance is running
2026-08-06 23:43:21 - telegram.ext.Updater - ERROR - Exception happened while polling for updates.
Traceback (most recent call last):
  File "C:\Users\Alexandr\Desktop\Трейдинг\Fandingeasy\venv\lib\site-packages\telegram\ext\_updater.py", line 688, in _network_loop_retry
    if not await action_cb():
  File "C:\Users\Alexandr\Desktop\Трейдинг\Fandingeasy\venv\lib\site-packages\telegram\ext\_updater.py", line 384, in polling_action_cb
    raise exc
  File "C:\Users\Alexandr\Desktop\Трейдинг\Fandingeasy\venv\lib\site-packages\telegram\ext\_updater.py", line 373, in polling_action_cb
    updates = await self.bot.get_updates(
  File "C:\Users\Alexandr\Desktop\Трейдинг\Fandingeasy\venv\lib\site-packages\telegram\ext\_extbot.py", line 558, in get_updates
    updates = await super().get_updates(
  File "C:\Users\Alexandr\Desktop\Трейдинг\Fandingeasy\venv\lib\site-packages\telegram\_bot.py", line 525, in decorator
    result = await func(self, *args, **kwargs)  # skipcq: PYL-E1102
  File "C:\Users\Alexandr\Desktop\Трейдинг\Fandingeasy\venv\lib\site-packages\telegram\_bot.py", line 3584, in get_updates
    await self._post(
  File "C:\Users\Alexandr\Desktop\Трейдинг\Fandingeasy\venv\lib\site-packages\telegram\_bot.py", line 613, in _post
    return await self._do_post(
  File "C:\Users\Alexandr\Desktop\Трейдинг\Fandingeasy\venv\lib\site-packages\telegram\ext\_extbot.py", line 340, in _do_post
    return await super()._do_post(
  File "C:\Users\Alexandr\Desktop\Трейдинг\Fandingeasy\venv\lib\site-packages\telegram\_bot.py", line 641, in _do_post
    return await request.post(
  File "C:\Users\Alexandr\Desktop\Трейдинг\Fandingeasy\venv\lib\site-packages\telegram\request\_baserequest.py", line 200, in post
    result = await self._request_wrapper(
  File "C:\Users\Alexandr\Desktop\Трейдинг\Fandingeasy\venv\lib\site-packages\telegram\request\_baserequest.py", line 381, in _request_wrapper
    raise Conflict(message)
telegram.error.Conflict: Conflict: terminated by other getUpdates request; make sure that only one bot instance is running
2026-08-06 23:43:43 - scanner - INFO - Starting scan for funding opportunities...
2026-08-06 23:43:55 - httpx - INFO - HTTP Request: POST https://api.telegram.org/bot8846739306:AAEAoXLwx1EpuNrXsFgZ7qG2tF65t6ggNhg/getUpdates "HTTP/1.1 409 Conflict"
2026-08-06 23:43:55 - telegram.ext.Updater - ERROR - Error while getting Updates: Conflict: terminated by other getUpdates request; make sure that only one bot instance is running
2026-08-06 23:43:55 - telegram.ext.Updater - ERROR - Exception happened while polling for updates.
Traceback (most recent call last):
  File "C:\Users\Alexandr\Desktop\Трейдинг\Fandingeasy\venv\lib\site-packages\telegram\ext\_updater.py", line 688, in _network_loop_retry
    if not await action_cb():
  File "C:\Users\Alexandr\Desktop\Трейдинг\Fandingeasy\venv\lib\site-packages\telegram\ext\_updater.py", line 384, in polling_action_cb
    raise exc
  File "C:\Users\Alexandr\Desktop\Трейдинг\Fandingeasy\venv\lib\site-packages\telegram\ext\_updater.py", line 373, in polling_action_cb
    updates = await self.bot.get_updates(
  File "C:\Users\Alexandr\Desktop\Трейдинг\Fandingeasy\venv\lib\site-packages\telegram\ext\_extbot.py", line 558, in get_updates
    updates = await super().get_updates(
  File "C:\Users\Alexandr\Desktop\Трейдинг\Fandingeasy\venv\lib\site-packages\telegram\_bot.py", line 525, in decorator
    result = await func(self, *args, **kwargs)  # skipcq: PYL-E1102
  File "C:\Users\Alexandr\Desktop\Трейдинг\Fandingeasy\venv\lib\site-packages\telegram\_bot.py", line 3584, in get_updates
    await self._post(
  File "C:\Users\Alexandr\Desktop\Трейдинг\Fandingeasy\venv\lib\site-packages\telegram\_bot.py", line 613, in _post
    return await self._do_post(
  File "C:\Users\Alexandr\Desktop\Трейдинг\Fandingeasy\venv\lib\site-packages\telegram\ext\_extbot.py", line 340, in _do_post
    return await super()._do_post(
  File "C:\Users\Alexandr\Desktop\Трейдинг\Fandingeasy\venv\lib\site-packages\telegram\_bot.py", line 641, in _do_post
    return await request.post(
  File "C:\Users\Alexandr\Desktop\Трейдинг\Fandingeasy\venv\lib\site-packages\telegram\request\_baserequest.py", line 200, in post
    result = await self._request_wrapper(
  File "C:\Users\Alexandr\Desktop\Трейдинг\Fandingeasy\venv\lib\site-packages\telegram\request\_baserequest.py", line 381, in _request_wrapper
    raise Conflict(message)
telegram.error.Conflict: Conflict: terminated by other getUpdates request; make sure that only one bot instance is running
2026-08-06 23:44:13 - scanner - INFO - Starting scan for funding opportunities...
2026-08-06 23:44:29 - httpx - INFO - HTTP Request: POST https://api.telegram.org/bot8846739306:AAEAoXLwx1EpuNrXsFgZ7qG2tF65t6ggNhg/getUpdates "HTTP/1.1 409 Conflict"
2026-08-06 23:44:29 - telegram.ext.Updater - ERROR - Error while getting Updates: Conflict: terminated by other getUpdates request; make sure that only one bot instance is running
2026-08-06 23:44:29 - telegram.ext.Updater - ERROR - Exception happened while polling for updates.
Traceback (most recent call last):
  File "C:\Users\Alexandr\Desktop\Трейдинг\Fandingeasy\venv\lib\site-packages\telegram\ext\_updater.py", line 688, in _network_loop_retry
    if not await action_cb():
  File "C:\Users\Alexandr\Desktop\Трейдинг\Fandingeasy\venv\lib\site-packages\telegram\ext\_updater.py", line 384, in polling_action_cb
    raise exc
  File "C:\Users\Alexandr\Desktop\Трейдинг\Fandingeasy\venv\lib\site-packages\telegram\ext\_updater.py", line 373, in polling_action_cb
    updates = await self.bot.get_updates(
  File "C:\Users\Alexandr\Desktop\Трейдинг\Fandingeasy\venv\lib\site-packages\telegram\ext\_extbot.py", line 558, in get_updates
    updates = await super().get_updates(
  File "C:\Users\Alexandr\Desktop\Трейдинг\Fandingeasy\venv\lib\site-packages\telegram\_bot.py", line 525, in decorator
    result = await func(self, *args, **kwargs)  # skipcq: PYL-E1102
  File "C:\Users\Alexandr\Desktop\Трейдинг\Fandingeasy\venv\lib\site-packages\telegram\_bot.py", line 3584, in get_updates
    await self._post(
  File "C:\Users\Alexandr\Desktop\Трейдинг\Fandingeasy\venv\lib\site-packages\telegram\_bot.py", line 613, in _post
    return await self._do_post(
  File "C:\Users\Alexandr\Desktop\Трейдинг\Fandingeasy\venv\lib\site-packages\telegram\ext\_extbot.py", line 340, in _do_post
    return await super()._do_post(
  File "C:\Users\Alexandr\Desktop\Трейдинг\Fandingeasy\venv\lib\site-packages\telegram\_bot.py", line 641, in _do_post
    return await request.post(
  File "C:\Users\Alexandr\Desktop\Трейдинг\Fandingeasy\venv\lib\site-packages\telegram\request\_baserequest.py", line 200, in post
    result = await self._request_wrapper(
  File "C:\Users\Alexandr\Desktop\Трейдинг\Fandingeasy\venv\lib\site-packages\telegram\request\_baserequest.py", line 381, in _request_wrapper
    raise Conflict(message)
telegram.error.Conflict: Conflict: terminated by other getUpdates request; make sure that only one bot instance is running
2026-08-06 23:44:43 - scanner - INFO - Starting scan for funding opportunities...
2026-08-06 23:45:04 - httpx - INFO - HTTP Request: POST https://api.telegram.org/bot8846739306:AAEAoXLwx1EpuNrXsFgZ7qG2tF65t6ggNhg/getUpdates "HTTP/1.1 409 Conflict"
2026-08-06 23:45:04 - telegram.ext.Updater - ERROR - Error while getting Updates: Conflict: terminated by other getUpdates request; make sure that only one bot instance is running
2026-08-06 23:45:04 - telegram.ext.Updater - ERROR - Exception happened while polling for updates.
Traceback (most recent call last):
  File "C:\Users\Alexandr\Desktop\Трейдинг\Fandingeasy\venv\lib\site-packages\telegram\ext\_updater.py", line 688, in _network_loop_retry
    if not await action_cb():
  File "C:\Users\Alexandr\Desktop\Трейдинг\Fandingeasy\venv\lib\site-packages\telegram\ext\_updater.py", line 384, in polling_action_cb
    raise exc
  File "C:\Users\Alexandr\Desktop\Трейдинг\Fandingeasy\venv\lib\site-packages\telegram\ext\_updater.py", line 373, in polling_action_cb
    updates = await self.bot.get_updates(
  File "C:\Users\Alexandr\Desktop\Трейдинг\Fandingeasy\venv\lib\site-packages\telegram\ext\_extbot.py", line 558, in get_updates
    updates = await super().get_updates(
  File "C:\Users\Alexandr\Desktop\Трейдинг\Fandingeasy\venv\lib\site-packages\telegram\_bot.py", line 525, in decorator
    result = await func(self, *args, **kwargs)  # skipcq: PYL-E1102
  File "C:\Users\Alexandr\Desktop\Трейдинг\Fandingeasy\venv\lib\site-packages\telegram\_bot.py", line 3584, in get_updates
    await self._post(
  File "C:\Users\Alexandr\Desktop\Трейдинг\Fandingeasy\venv\lib\site-packages\telegram\_bot.py", line 613, in _post
    return await self._do_post(
  File "C:\Users\Alexandr\Desktop\Трейдинг\Fandingeasy\venv\lib\site-packages\telegram\ext\_extbot.py", line 340, in _do_post
    return await super()._do_post(
  File "C:\Users\Alexandr\Desktop\Трейдинг\Fandingeasy\venv\lib\site-packages\telegram\_bot.py", line 641, in _do_post
    return await request.post(
  File "C:\Users\Alexandr\Desktop\Трейдинг\Fandingeasy\venv\lib\site-packages\telegram\request\_baserequest.py", line 200, in post
    result = await self._request_wrapper(
  File "C:\Users\Alexandr\Desktop\Трейдинг\Fandingeasy\venv\lib\site-packages\telegram\request\_baserequest.py", line 381, in _request_wrapper
    raise Conflict(message)
telegram.error.Conflict: Conflict: terminated by other getUpdates request; make sure that only one bot instance is running
2026-08-06 23:45:13 - scanner - INFO - Starting scan for funding opportunities...
2026-08-06 23:45:38 - httpx - INFO - HTTP Request: POST https://api.telegram.org/bot8846739306:AAEAoXLwx1EpuNrXsFgZ7qG2tF65t6ggNhg/getUpdates "HTTP/1.1 409 Conflict"
2026-08-06 23:45:38 - telegram.ext.Updater - ERROR - Error while getting Updates: Conflict: terminated by other getUpdates request; make sure that only one bot instance is running
2026-08-06 23:45:38 - telegram.ext.Updater - ERROR - Exception happened while polling for updates.
Traceback (most recent call last):
  File "C:\Users\Alexandr\Desktop\Трейдинг\Fandingeasy\venv\lib\site-packages\telegram\ext\_updater.py", line 688, in _network_loop_retry
    if not await action_cb():
  File "C:\Users\Alexandr\Desktop\Трейдинг\Fandingeasy\venv\lib\site-packages\telegram\ext\_updater.py", line 384, in polling_action_cb
    raise exc
  File "C:\Users\Alexandr\Desktop\Трейдинг\Fandingeasy\venv\lib\site-packages\telegram\ext\_updater.py", line 373, in polling_action_cb
    updates = await self.bot.get_updates(
  File "C:\Users\Alexandr\Desktop\Трейдинг\Fandingeasy\venv\lib\site-packages\telegram\ext\_extbot.py", line 558, in get_updates
    updates = await super().get_updates(
  File "C:\Users\Alexandr\Desktop\Трейдинг\Fandingeasy\venv\lib\site-packages\telegram\_bot.py", line 525, in decorator
    result = await func(self, *args, **kwargs)  # skipcq: PYL-E1102
  File "C:\Users\Alexandr\Desktop\Трейдинг\Fandingeasy\venv\lib\site-packages\telegram\_bot.py", line 3584, in get_updates
    await self._post(
  File "C:\Users\Alexandr\Desktop\Трейдинг\Fandingeasy\venv\lib\site-packages\telegram\_bot.py", line 613, in _post
    return await self._do_post(
  File "C:\Users\Alexandr\Desktop\Трейдинг\Fandingeasy\venv\lib\site-packages\telegram\ext\_extbot.py", line 340, in _do_post
    return await super()._do_post(
  File "C:\Users\Alexandr\Desktop\Трейдинг\Fandingeasy\venv\lib\site-packages\telegram\_bot.py", line 641, in _do_post
    return await request.post(
  File "C:\Users\Alexandr\Desktop\Трейдинг\Fandingeasy\venv\lib\site-packages\telegram\request\_baserequest.py", line 200, in post
    result = await self._request_wrapper(
  File "C:\Users\Alexandr\Desktop\Трейдинг\Fandingeasy\venv\lib\site-packages\telegram\request\_baserequest.py", line 381, in _request_wrapper
    raise Conflict(message)
telegram.error.Conflict: Conflict: terminated by other getUpdates request; make sure that only one bot instance is running
2026-08-06 23:45:44 - scanner - INFO - Starting scan for funding opportunities...
2026-08-06 23:46:12 - httpx - INFO - HTTP Request: POST https://api.telegram.org/bot8846739306:AAEAoXLwx1EpuNrXsFgZ7qG2tF65t6ggNhg/getUpdates "HTTP/1.1 409 Conflict"
2026-08-06 23:46:12 - telegram.ext.Updater - ERROR - Error while getting Updates: Conflict: terminated by other getUpdates request; make sure that only one bot instance is running
2026-08-06 23:46:12 - telegram.ext.Updater - ERROR - Exception happened while polling for updates.
Traceback (most recent call last):
  File "C:\Users\Alexandr\Desktop\Трейдинг\Fandingeasy\venv\lib\site-packages\telegram\ext\_updater.py", line 688, in _network_loop_retry
    if not await action_cb():
  File "C:\Users\Alexandr\Desktop\Трейдинг\Fandingeasy\venv\lib\site-packages\telegram\ext\_updater.py", line 384, in polling_action_cb
    raise exc
  File "C:\Users\Alexandr\Desktop\Трейдинг\Fandingeasy\venv\lib\site-packages\telegram\ext\_updater.py", line 373, in polling_action_cb
    updates = await self.bot.get_updates(
  File "C:\Users\Alexandr\Desktop\Трейдинг\Fandingeasy\venv\lib\site-packages\telegram\ext\_extbot.py", line 558, in get_updates
    updates = await super().get_updates(
  File "C:\Users\Alexandr\Desktop\Трейдинг\Fandingeasy\venv\lib\site-packages\telegram\_bot.py", line 525, in decorator
    result = await func(self, *args, **kwargs)  # skipcq: PYL-E1102
  File "C:\Users\Alexandr\Desktop\Трейдинг\Fandingeasy\venv\lib\site-packages\telegram\_bot.py", line 3584, in get_updates
    await self._post(
  File "C:\Users\Alexandr\Desktop\Трейдинг\Fandingeasy\venv\lib\site-packages\telegram\_bot.py", line 613, in _post
    return await self._do_post(
  File "C:\Users\Alexandr\Desktop\Трейдинг\Fandingeasy\venv\lib\site-packages\telegram\ext\_extbot.py", line 340, in _do_post
    return await super()._do_post(
  File "C:\Users\Alexandr\Desktop\Трейдинг\Fandingeasy\venv\lib\site-packages\telegram\_bot.py", line 641, in _do_post
    return await request.post(
  File "C:\Users\Alexandr\Desktop\Трейдинг\Fandingeasy\venv\lib\site-packages\telegram\request\_baserequest.py", line 200, in post
    result = await self._request_wrapper(
  File "C:\Users\Alexandr\Desktop\Трейдинг\Fandingeasy\venv\lib\site-packages\telegram\request\_baserequest.py", line 381, in _request_wrapper
    raise Conflict(message)
telegram.error.Conflict: Conflict: terminated by other getUpdates request; make sure that only one bot instance is running
2026-08-06 23:46:14 - scanner - INFO - Starting scan for funding opportunities...
2026-08-06 23:46:45 - scanner - INFO - Starting scan for funding opportunities...
2026-08-06 23:46:46 - httpx - INFO - HTTP Request: POST https://api.telegram.org/bot8846739306:AAEAoXLwx1EpuNrXsFgZ7qG2tF65t6ggNhg/getUpdates "HTTP/1.1 409 Conflict"
2026-08-06 23:46:46 - telegram.ext.Updater - ERROR - Error while getting Updates: Conflict: terminated by other getUpdates request; make sure that only one bot instance is running
2026-08-06 23:46:46 - telegram.ext.Updater - ERROR - Exception happened while polling for updates.
Traceback (most recent call last):
  File "C:\Users\Alexandr\Desktop\Трейдинг\Fandingeasy\venv\lib\site-packages\telegram\ext\_updater.py", line 688, in _network_loop_retry
    if not await action_cb():
  File "C:\Users\Alexandr\Desktop\Трейдинг\Fandingeasy\venv\lib\site-packages\telegram\ext\_updater.py", line 384, in polling_action_cb
    raise exc
  File "C:\Users\Alexandr\Desktop\Трейдинг\Fandingeasy\venv\lib\site-packages\telegram\ext\_updater.py", line 373, in polling_action_cb
    updates = await self.bot.get_updates(
  File "C:\Users\Alexandr\Desktop\Трейдинг\Fandingeasy\venv\lib\site-packages\telegram\ext\_extbot.py", line 558, in get_updates
    updates = await super().get_updates(
  File "C:\Users\Alexandr\Desktop\Трейдинг\Fandingeasy\venv\lib\site-packages\telegram\_bot.py", line 525, in decorator
    result = await func(self, *args, **kwargs)  # skipcq: PYL-E1102
  File "C:\Users\Alexandr\Desktop\Трейдинг\Fandingeasy\venv\lib\site-packages\telegram\_bot.py", line 3584, in get_updates
    await self._post(
  File "C:\Users\Alexandr\Desktop\Трейдинг\Fandingeasy\venv\lib\site-packages\telegram\_bot.py", line 613, in _post
    return await self._do_post(
  File "C:\Users\Alexandr\Desktop\Трейдинг\Fandingeasy\venv\lib\site-packages\telegram\ext\_extbot.py", line 340, in _do_post
    return await super()._do_post(
  File "C:\Users\Alexandr\Desktop\Трейдинг\Fandingeasy\venv\lib\site-packages\telegram\_bot.py", line 641, in _do_post
    return await request.post(
  File "C:\Users\Alexandr\Desktop\Трейдинг\Fandingeasy\venv\lib\site-packages\telegram\request\_baserequest.py", line 200, in post
    result = await self._request_wrapper(
  File "C:\Users\Alexandr\Desktop\Трейдинг\Fandingeasy\venv\lib\site-packages\telegram\request\_baserequest.py", line 381, in _request_wrapper
    raise Conflict(message)
telegram.error.Conflict: Conflict: terminated by other getUpdates request; make sure that only one bot instance is running
2026-08-06 23:47:15 - scanner - INFO - Starting scan for funding opportunities...
2026-08-06 23:47:20 - httpx - INFO - HTTP Request: POST https://api.telegram.org/bot8846739306:AAEAoXLwx1EpuNrXsFgZ7qG2tF65t6ggNhg/getUpdates "HTTP/1.1 409 Conflict"
2026-08-06 23:47:20 - telegram.ext.Updater - ERROR - Error while getting Updates: Conflict: terminated by other getUpdates request; make sure that only one bot instance is running
2026-08-06 23:47:20 - telegram.ext.Updater - ERROR - Exception happened while polling for updates.
Traceback (most recent call last):
  File "C:\Users\Alexandr\Desktop\Трейдинг\Fandingeasy\venv\lib\site-packages\telegram\ext\_updater.py", line 688, in _network_loop_retry
    if not await action_cb():
  File "C:\Users\Alexandr\Desktop\Трейдинг\Fandingeasy\venv\lib\site-packages\telegram\ext\_updater.py", line 384, in polling_action_cb
    raise exc
  File "C:\Users\Alexandr\Desktop\Трейдинг\Fandingeasy\venv\lib\site-packages\telegram\ext\_updater.py", line 373, in polling_action_cb
    updates = await self.bot.get_updates(
  File "C:\Users\Alexandr\Desktop\Трейдинг\Fandingeasy\venv\lib\site-packages\telegram\ext\_extbot.py", line 558, in get_updates
    updates = await super().get_updates(
  File "C:\Users\Alexandr\Desktop\Трейдинг\Fandingeasy\venv\lib\site-packages\telegram\_bot.py", line 525, in decorator
    result = await func(self, *args, **kwargs)  # skipcq: PYL-E1102
  File "C:\Users\Alexandr\Desktop\Трейдинг\Fandingeasy\venv\lib\site-packages\telegram\_bot.py", line 3584, in get_updates
    await self._post(
  File "C:\Users\Alexandr\Desktop\Трейдинг\Fandingeasy\venv\lib\site-packages\telegram\_bot.py", line 613, in _post
    return await self._do_post(
  File "C:\Users\Alexandr\Desktop\Трейдинг\Fandingeasy\venv\lib\site-packages\telegram\ext\_extbot.py", line 340, in _do_post
    return await super()._do_post(
  File "C:\Users\Alexandr\Desktop\Трейдинг\Fandingeasy\venv\lib\site-packages\telegram\_bot.py", line 641, in _do_post
    return await request.post(
  File "C:\Users\Alexandr\Desktop\Трейдинг\Fandingeasy\venv\lib\site-packages\telegram\request\_baserequest.py", line 200, in post
    result = await self._request_wrapper(
  File "C:\Users\Alexandr\Desktop\Трейдинг\Fandingeasy\venv\lib\site-packages\telegram\request\_baserequest.py", line 381, in _request_wrapper
    raise Conflict(message)
telegram.error.Conflict: Conflict: terminated by other getUpdates request; make sure that only one bot instance is running
2026-08-06 23:47:45 - scanner - INFO - Starting scan for funding opportunities...
2026-08-06 23:47:54 - httpx - INFO - HTTP Request: POST https://api.telegram.org/bot8846739306:AAEAoXLwx1EpuNrXsFgZ7qG2tF65t6ggNhg/getUpdates "HTTP/1.1 409 Conflict"
2026-08-06 23:47:54 - telegram.ext.Updater - ERROR - Error while getting Updates: Conflict: terminated by other getUpdates request; make sure that only one bot instance is running
2026-08-06 23:47:54 - telegram.ext.Updater - ERROR - Exception happened while polling for updates.
Traceback (most recent call last):
  File "C:\Users\Alexandr\Desktop\Трейдинг\Fandingeasy\venv\lib\site-packages\telegram\ext\_updater.py", line 688, in _network_loop_retry
    if not await action_cb():
  File "C:\Users\Alexandr\Desktop\Трейдинг\Fandingeasy\venv\lib\site-packages\telegram\ext\_updater.py", line 384, in polling_action_cb
    raise exc
  File "C:\Users\Alexandr\Desktop\Трейдинг\Fandingeasy\venv\lib\site-packages\telegram\ext\_updater.py", line 373, in polling_action_cb
    updates = await self.bot.get_updates(
  File "C:\Users\Alexandr\Desktop\Трейдинг\Fandingeasy\venv\lib\site-packages\telegram\ext\_extbot.py", line 558, in get_updates
    updates = await super().get_updates(
  File "C:\Users\Alexandr\Desktop\Трейдинг\Fandingeasy\venv\lib\site-packages\telegram\_bot.py", line 525, in decorator
    result = await func(self, *args, **kwargs)  # skipcq: PYL-E1102
  File "C:\Users\Alexandr\Desktop\Трейдинг\Fandingeasy\venv\lib\site-packages\telegram\_bot.py", line 3584, in get_updates
    await self._post(
  File "C:\Users\Alexandr\Desktop\Трейдинг\Fandingeasy\venv\lib\site-packages\telegram\_bot.py", line 613, in _post
    return await self._do_post(
  File "C:\Users\Alexandr\Desktop\Трейдинг\Fandingeasy\venv\lib\site-packages\telegram\ext\_extbot.py", line 340, in _do_post
    return await super()._do_post(
  File "C:\Users\Alexandr\Desktop\Трейдинг\Fandingeasy\venv\lib\site-packages\telegram\_bot.py", line 641, in _do_post
    return await request.post(
  File "C:\Users\Alexandr\Desktop\Трейдинг\Fandingeasy\venv\lib\site-packages\telegram\request\_baserequest.py", line 200, in post
    result = await self._request_wrapper(
  File "C:\Users\Alexandr\Desktop\Трейдинг\Fandingeasy\venv\lib\site-packages\telegram\request\_baserequest.py", line 381, in _request_wrapper
    raise Conflict(message)
telegram.error.Conflict: Conflict: terminated by other getUpdates request; make sure that only one bot instance is running
2026-08-06 23:48:16 - scanner - INFO - Starting scan for funding opportunities...
2026-08-06 23:48:28 - httpx - INFO - HTTP Request: POST https://api.telegram.org/bot8846739306:AAEAoXLwx1EpuNrXsFgZ7qG2tF65t6ggNhg/getUpdates "HTTP/1.1 409 Conflict"
2026-08-06 23:48:28 - telegram.ext.Updater - ERROR - Error while getting Updates: Conflict: terminated by other getUpdates request; make sure that only one bot instance is running
2026-08-06 23:48:28 - telegram.ext.Updater - ERROR - Exception happened while polling for updates.
Traceback (most recent call last):
  File "C:\Users\Alexandr\Desktop\Трейдинг\Fandingeasy\venv\lib\site-packages\telegram\ext\_updater.py", line 688, in _network_loop_retry
    if not await action_cb():
  File "C:\Users\Alexandr\Desktop\Трейдинг\Fandingeasy\venv\lib\site-packages\telegram\ext\_updater.py", line 384, in polling_action_cb
    raise exc
  File "C:\Users\Alexandr\Desktop\Трейдинг\Fandingeasy\venv\lib\site-packages\telegram\ext\_updater.py", line 373, in polling_action_cb
    updates = await self.bot.get_updates(
  File "C:\Users\Alexandr\Desktop\Трейдинг\Fandingeasy\venv\lib\site-packages\telegram\ext\_extbot.py", line 558, in get_updates
    updates = await super().get_updates(
  File "C:\Users\Alexandr\Desktop\Трейдинг\Fandingeasy\venv\lib\site-packages\telegram\_bot.py", line 525, in decorator
    result = await func(self, *args, **kwargs)  # skipcq: PYL-E1102
  File "C:\Users\Alexandr\Desktop\Трейдинг\Fandingeasy\venv\lib\site-packages\telegram\_bot.py", line 3584, in get_updates
    await self._post(
  File "C:\Users\Alexandr\Desktop\Трейдинг\Fandingeasy\venv\lib\site-packages\telegram\_bot.py", line 613, in _post
    return await self._do_post(
  File "C:\Users\Alexandr\Desktop\Трейдинг\Fandingeasy\venv\lib\site-packages\telegram\ext\_extbot.py", line 340, in _do_post
    return await super()._do_post(
  File "C:\Users\Alexandr\Desktop\Трейдинг\Fandingeasy\venv\lib\site-packages\telegram\_bot.py", line 641, in _do_post
    return await request.post(
  File "C:\Users\Alexandr\Desktop\Трейдинг\Fandingeasy\venv\lib\site-packages\telegram\request\_baserequest.py", line 200, in post
    result = await self._request_wrapper(
  File "C:\Users\Alexandr\Desktop\Трейдинг\Fandingeasy\venv\lib\site-packages\telegram\request\_baserequest.py", line 381, in _request_wrapper
    raise Conflict(message)
telegram.error.Conflict: Conflict: terminated by other getUpdates request; make sure that only one bot instance is running
2026-08-06 23:48:46 - scanner - INFO - Starting scan for funding opportunities...
2026-08-06 23:49:02 - httpx - INFO - HTTP Request: POST https://api.telegram.org/bot8846739306:AAEAoXLwx1EpuNrXsFgZ7qG2tF65t6ggNhg/getUpdates "HTTP/1.1 409 Conflict"
2026-08-06 23:49:02 - telegram.ext.Updater - ERROR - Error while getting Updates: Conflict: terminated by other getUpdates request; make sure that only one bot instance is running
2026-08-06 23:49:02 - telegram.ext.Updater - ERROR - Exception happened while polling for updates.
Traceback (most recent call last):
  File "C:\Users\Alexandr\Desktop\Трейдинг\Fandingeasy\venv\lib\site-packages\telegram\ext\_updater.py", line 688, in _network_loop_retry
    if not await action_cb():
  File "C:\Users\Alexandr\Desktop\Трейдинг\Fandingeasy\venv\lib\site-packages\telegram\ext\_updater.py", line 384, in polling_action_cb
    raise exc
  File "C:\Users\Alexandr\Desktop\Трейдинг\Fandingeasy\venv\lib\site-packages\telegram\ext\_updater.py", line 373, in polling_action_cb
    updates = await self.bot.get_updates(
  File "C:\Users\Alexandr\Desktop\Трейдинг\Fandingeasy\venv\lib\site-packages\telegram\ext\_extbot.py", line 558, in get_updates
    updates = await super().get_updates(
  File "C:\Users\Alexandr\Desktop\Трейдинг\Fandingeasy\venv\lib\site-packages\telegram\_bot.py", line 525, in decorator
    result = await func(self, *args, **kwargs)  # skipcq: PYL-E1102
  File "C:\Users\Alexandr\Desktop\Трейдинг\Fandingeasy\venv\lib\site-packages\telegram\_bot.py", line 3584, in get_updates
    await self._post(
  File "C:\Users\Alexandr\Desktop\Трейдинг\Fandingeasy\venv\lib\site-packages\telegram\_bot.py", line 613, in _post
    return await self._do_post(
  File "C:\Users\Alexandr\Desktop\Трейдинг\Fandingeasy\venv\lib\site-packages\telegram\ext\_extbot.py", line 340, in _do_post
    return await super()._do_post(
  File "C:\Users\Alexandr\Desktop\Трейдинг\Fandingeasy\venv\lib\site-packages\telegram\_bot.py", line 641, in _do_post
    return await request.post(
  File "C:\Users\Alexandr\Desktop\Трейдинг\Fandingeasy\venv\lib\site-packages\telegram\request\_baserequest.py", line 200, in post
    result = await self._request_wrapper(
  File "C:\Users\Alexandr\Desktop\Трейдинг\Fandingeasy\venv\lib\site-packages\telegram\request\_baserequest.py", line 381, in _request_wrapper
    raise Conflict(message)
telegram.error.Conflict: Conflict: terminated by other getUpdates request; make sure that only one bot instance is running
2026-08-06 23:49:16 - scanner - INFO - Starting scan for funding opportunities...
2026-08-06 23:49:36 - httpx - INFO - HTTP Request: POST https://api.telegram.org/bot8846739306:AAEAoXLwx1EpuNrXsFgZ7qG2tF65t6ggNhg/getUpdates "HTTP/1.1 409 Conflict"
2026-08-06 23:49:36 - telegram.ext.Updater - ERROR - Error while getting Updates: Conflict: terminated by other getUpdates request; make sure that only one bot instance is running
2026-08-06 23:49:36 - telegram.ext.Updater - ERROR - Exception happened while polling for updates.
Traceback (most recent call last):
  File "C:\Users\Alexandr\Desktop\Трейдинг\Fandingeasy\venv\lib\site-packages\telegram\ext\_updater.py", line 688, in _network_loop_retry
    if not await action_cb():
  File "C:\Users\Alexandr\Desktop\Трейдинг\Fandingeasy\venv\lib\site-packages\telegram\ext\_updater.py", line 384, in polling_action_cb
    raise exc
  File "C:\Users\Alexandr\Desktop\Трейдинг\Fandingeasy\venv\lib\site-packages\telegram\ext\_updater.py", line 373, in polling_action_cb
    updates = await self.bot.get_updates(
  File "C:\Users\Alexandr\Desktop\Трейдинг\Fandingeasy\venv\lib\site-packages\telegram\ext\_extbot.py", line 558, in get_updates
    updates = await super().get_updates(
  File "C:\Users\Alexandr\Desktop\Трейдинг\Fandingeasy\venv\lib\site-packages\telegram\_bot.py", line 525, in decorator
    result = await func(self, *args, **kwargs)  # skipcq: PYL-E1102
  File "C:\Users\Alexandr\Desktop\Трейдинг\Fandingeasy\venv\lib\site-packages\telegram\_bot.py", line 3584, in get_updates
    await self._post(
  File "C:\Users\Alexandr\Desktop\Трейдинг\Fandingeasy\venv\lib\site-packages\telegram\_bot.py", line 613, in _post
    return await self._do_post(
  File "C:\Users\Alexandr\Desktop\Трейдинг\Fandingeasy\venv\lib\site-packages\telegram\ext\_extbot.py", line 340, in _do_post
    return await super()._do_post(
  File "C:\Users\Alexandr\Desktop\Трейдинг\Fandingeasy\venv\lib\site-packages\telegram\_bot.py", line 641, in _do_post
    return await request.post(
  File "C:\Users\Alexandr\Desktop\Трейдинг\Fandingeasy\venv\lib\site-packages\telegram\request\_baserequest.py", line 200, in post
    result = await self._request_wrapper(
  File "C:\Users\Alexandr\Desktop\Трейдинг\Fandingeasy\venv\lib\site-packages\telegram\request\_baserequest.py", line 381, in _request_wrapper
    raise Conflict(message)
telegram.error.Conflict: Conflict: terminated by other getUpdates request; make sure that only one bot instance is running
2026-08-06 23:49:47 - scanner - INFO - Starting scan for funding opportunities...
2026-08-06 23:50:10 - httpx - INFO - HTTP Request: POST https://api.telegram.org/bot8846739306:AAEAoXLwx1EpuNrXsFgZ7qG2tF65t6ggNhg/getUpdates "HTTP/1.1 409 Conflict"
2026-08-06 23:50:10 - telegram.ext.Updater - ERROR - Error while getting Updates: Conflict: terminated by other getUpdates request; make sure that only one bot instance is running
2026-08-06 23:50:10 - telegram.ext.Updater - ERROR - Exception happened while polling for updates.
Traceback (most recent call last):
  File "C:\Users\Alexandr\Desktop\Трейдинг\Fandingeasy\venv\lib\site-packages\telegram\ext\_updater.py", line 688, in _network_loop_retry
    if not await action_cb():
  File "C:\Users\Alexandr\Desktop\Трейдинг\Fandingeasy\venv\lib\site-packages\telegram\ext\_updater.py", line 384, in polling_action_cb
    raise exc
  File "C:\Users\Alexandr\Desktop\Трейдинг\Fandingeasy\venv\lib\site-packages\telegram\ext\_updater.py", line 373, in polling_action_cb
    updates = await self.bot.get_updates(
  File "C:\Users\Alexandr\Desktop\Трейдинг\Fandingeasy\venv\lib\site-packages\telegram\ext\_extbot.py", line 558, in get_updates
    updates = await super().get_updates(
  File "C:\Users\Alexandr\Desktop\Трейдинг\Fandingeasy\venv\lib\site-packages\telegram\_bot.py", line 525, in decorator
    result = await func(self, *args, **kwargs)  # skipcq: PYL-E1102
  File "C:\Users\Alexandr\Desktop\Трейдинг\Fandingeasy\venv\lib\site-packages\telegram\_bot.py", line 3584, in get_updates
    await self._post(
  File "C:\Users\Alexandr\Desktop\Трейдинг\Fandingeasy\venv\lib\site-packages\telegram\_bot.py", line 613, in _post
    return await self._do_post(
  File "C:\Users\Alexandr\Desktop\Трейдинг\Fandingeasy\venv\lib\site-packages\telegram\ext\_extbot.py", line 340, in _do_post
    return await super()._do_post(
  File "C:\Users\Alexandr\Desktop\Трейдинг\Fandingeasy\venv\lib\site-packages\telegram\_bot.py", line 641, in _do_post
    return await request.post(
  File "C:\Users\Alexandr\Desktop\Трейдинг\Fandingeasy\venv\lib\site-packages\telegram\request\_baserequest.py", line 200, in post
    result = await self._request_wrapper(
  File "C:\Users\Alexandr\Desktop\Трейдинг\Fandingeasy\venv\lib\site-packages\telegram\request\_baserequest.py", line 381, in _request_wrapper
    raise Conflict(message)
telegram.error.Conflict: Conflict: terminated by other getUpdates request; make sure that only one bot instance is running
2026-08-06 23:50:17 - scanner - INFO - Starting scan for funding opportunities...
2026-08-06 23:50:44 - httpx - INFO - HTTP Request: POST https://api.telegram.org/bot8846739306:AAEAoXLwx1EpuNrXsFgZ7qG2tF65t6ggNhg/getUpdates "HTTP/1.1 409 Conflict"
2026-08-06 23:50:44 - telegram.ext.Updater - ERROR - Error while getting Updates: Conflict: terminated by other getUpdates request; make sure that only one bot instance is running
2026-08-06 23:50:44 - telegram.ext.Updater - ERROR - Exception happened while polling for updates.
Traceback (most recent call last):
  File "C:\Users\Alexandr\Desktop\Трейдинг\Fandingeasy\venv\lib\site-packages\telegram\ext\_updater.py", line 688, in _network_loop_retry
    if not await action_cb():
  File "C:\Users\Alexandr\Desktop\Трейдинг\Fandingeasy\venv\lib\site-packages\telegram\ext\_updater.py", line 384, in polling_action_cb
    raise exc
  File "C:\Users\Alexandr\Desktop\Трейдинг\Fandingeasy\venv\lib\site-packages\telegram\ext\_updater.py", line 373, in polling_action_cb
    updates = await self.bot.get_updates(
  File "C:\Users\Alexandr\Desktop\Трейдинг\Fandingeasy\venv\lib\site-packages\telegram\ext\_extbot.py", line 558, in get_updates
    updates = await super().get_updates(
  File "C:\Users\Alexandr\Desktop\Трейдинг\Fandingeasy\venv\lib\site-packages\telegram\_bot.py", line 525, in decorator
    result = await func(self, *args, **kwargs)  # skipcq: PYL-E1102
  File "C:\Users\Alexandr\Desktop\Трейдинг\Fandingeasy\venv\lib\site-packages\telegram\_bot.py", line 3584, in get_updates
    await self._post(
  File "C:\Users\Alexandr\Desktop\Трейдинг\Fandingeasy\venv\lib\site-packages\telegram\_bot.py", line 613, in _post
    return await self._do_post(
  File "C:\Users\Alexandr\Desktop\Трейдинг\Fandingeasy\venv\lib\site-packages\telegram\ext\_extbot.py", line 340, in _do_post
    return await super()._do_post(
  File "C:\Users\Alexandr\Desktop\Трейдинг\Fandingeasy\venv\lib\site-packages\telegram\_bot.py", line 641, in _do_post
    return await request.post(
  File "C:\Users\Alexandr\Desktop\Трейдинг\Fandingeasy\venv\lib\site-packages\telegram\request\_baserequest.py", line 200, in post
    result = await self._request_wrapper(
  File "C:\Users\Alexandr\Desktop\Трейдинг\Fandingeasy\venv\lib\site-packages\telegram\request\_baserequest.py", line 381, in _request_wrapper
    raise Conflict(message)
telegram.error.Conflict: Conflict: terminated by other getUpdates request; make sure that only one bot instance is running
2026-08-06 23:50:48 - scanner - INFO - Starting scan for funding opportunities...
2026-08-06 23:51:18 - scanner - INFO - Starting scan for funding opportunities...
2026-08-06 23:51:18 - httpx - INFO - HTTP Request: POST https://api.telegram.org/bot8846739306:AAEAoXLwx1EpuNrXsFgZ7qG2tF65t6ggNhg/getUpdates "HTTP/1.1 409 Conflict"
2026-08-06 23:51:18 - telegram.ext.Updater - ERROR - Error while getting Updates: Conflict: terminated by other getUpdates request; make sure that only one bot instance is running
2026-08-06 23:51:18 - telegram.ext.Updater - ERROR - Exception happened while polling for updates.
Traceback (most recent call last):
  File "C:\Users\Alexandr\Desktop\Трейдинг\Fandingeasy\venv\lib\site-packages\telegram\ext\_updater.py", line 688, in _network_loop_retry
    if not await action_cb():
  File "C:\Users\Alexandr\Desktop\Трейдинг\Fandingeasy\venv\lib\site-packages\telegram\ext\_updater.py", line 384, in polling_action_cb
    raise exc
  File "C:\Users\Alexandr\Desktop\Трейдинг\Fandingeasy\venv\lib\site-packages\telegram\ext\_updater.py", line 373, in polling_action_cb
    updates = await self.bot.get_updates(
  File "C:\Users\Alexandr\Desktop\Трейдинг\Fandingeasy\venv\lib\site-packages\telegram\ext\_extbot.py", line 558, in get_updates
    updates = await super().get_updates(
  File "C:\Users\Alexandr\Desktop\Трейдинг\Fandingeasy\venv\lib\site-packages\telegram\_bot.py", line 525, in decorator
    result = await func(self, *args, **kwargs)  # skipcq: PYL-E1102
  File "C:\Users\Alexandr\Desktop\Трейдинг\Fandingeasy\venv\lib\site-packages\telegram\_bot.py", line 3584, in get_updates
    await self._post(
  File "C:\Users\Alexandr\Desktop\Трейдинг\Fandingeasy\venv\lib\site-packages\telegram\_bot.py", line 613, in _post
    return await self._do_post(
  File "C:\Users\Alexandr\Desktop\Трейдинг\Fandingeasy\venv\lib\site-packages\telegram\ext\_extbot.py", line 340, in _do_post
    return await super()._do_post(
  File "C:\Users\Alexandr\Desktop\Трейдинг\Fandingeasy\venv\lib\site-packages\telegram\_bot.py", line 641, in _do_post
    return await request.post(
  File "C:\Users\Alexandr\Desktop\Трейдинг\Fandingeasy\venv\lib\site-packages\telegram\request\_baserequest.py", line 200, in post
    result = await self._request_wrapper(
  File "C:\Users\Alexandr\Desktop\Трейдинг\Fandingeasy\venv\lib\site-packages\telegram\request\_baserequest.py", line 381, in _request_wrapper
    raise Conflict(message)
telegram.error.Conflict: Conflict: terminated by other getUpdates request; make sure that only one bot instance is running
2026-08-06 23:51:48 - scanner - INFO - Starting scan for funding opportunities...
2026-08-06 23:51:52 - httpx - INFO - HTTP Request: POST https://api.telegram.org/bot8846739306:AAEAoXLwx1EpuNrXsFgZ7qG2tF65t6ggNhg/getUpdates "HTTP/1.1 409 Conflict"
2026-08-06 23:51:52 - telegram.ext.Updater - ERROR - Error while getting Updates: Conflict: terminated by other getUpdates request; make sure that only one bot instance is running
2026-08-06 23:51:52 - telegram.ext.Updater - ERROR - Exception happened while polling for updates.
Traceback (most recent call last):
  File "C:\Users\Alexandr\Desktop\Трейдинг\Fandingeasy\venv\lib\site-packages\telegram\ext\_updater.py", line 688, in _network_loop_retry
    if not await action_cb():
  File "C:\Users\Alexandr\Desktop\Трейдинг\Fandingeasy\venv\lib\site-packages\telegram\ext\_updater.py", line 384, in polling_action_cb
    raise exc
  File "C:\Users\Alexandr\Desktop\Трейдинг\Fandingeasy\venv\lib\site-packages\telegram\ext\_updater.py", line 373, in polling_action_cb
    updates = await self.bot.get_updates(
  File "C:\Users\Alexandr\Desktop\Трейдинг\Fandingeasy\venv\lib\site-packages\telegram\ext\_extbot.py", line 558, in get_updates
    updates = await super().get_updates(
  File "C:\Users\Alexandr\Desktop\Трейдинг\Fandingeasy\venv\lib\site-packages\telegram\_bot.py", line 525, in decorator
    result = await func(self, *args, **kwargs)  # skipcq: PYL-E1102
  File "C:\Users\Alexandr\Desktop\Трейдинг\Fandingeasy\venv\lib\site-packages\telegram\_bot.py", line 3584, in get_updates
    await self._post(
  File "C:\Users\Alexandr\Desktop\Трейдинг\Fandingeasy\venv\lib\site-packages\telegram\_bot.py", line 613, in _post
    return await self._do_post(
  File "C:\Users\Alexandr\Desktop\Трейдинг\Fandingeasy\venv\lib\site-packages\telegram\ext\_extbot.py", line 340, in _do_post
    return await super()._do_post(
  File "C:\Users\Alexandr\Desktop\Трейдинг\Fandingeasy\venv\lib\site-packages\telegram\_bot.py", line 641, in _do_post
    return await request.post(
  File "C:\Users\Alexandr\Desktop\Трейдинг\Fandingeasy\venv\lib\site-packages\telegram\request\_baserequest.py", line 200, in post
    result = await self._request_wrapper(
  File "C:\Users\Alexandr\Desktop\Трейдинг\Fandingeasy\venv\lib\site-packages\telegram\request\_baserequest.py", line 381, in _request_wrapper
    raise Conflict(message)
telegram.error.Conflict: Conflict: terminated by other getUpdates request; make sure that only one bot instance is running
2026-08-06 23:52:18 - scanner - INFO - Starting scan for funding opportunities...
2026-08-06 23:52:26 - httpx - INFO - HTTP Request: POST https://api.telegram.org/bot8846739306:AAEAoXLwx1EpuNrXsFgZ7qG2tF65t6ggNhg/getUpdates "HTTP/1.1 409 Conflict"
2026-08-06 23:52:26 - telegram.ext.Updater - ERROR - Error while getting Updates: Conflict: terminated by other getUpdates request; make sure that only one bot instance is running
2026-08-06 23:52:26 - telegram.ext.Updater - ERROR - Exception happened while polling for updates.
Traceback (most recent call last):
  File "C:\Users\Alexandr\Desktop\Трейдинг\Fandingeasy\venv\lib\site-packages\telegram\ext\_updater.py", line 688, in _network_loop_retry
    if not await action_cb():
  File "C:\Users\Alexandr\Desktop\Трейдинг\Fandingeasy\venv\lib\site-packages\telegram\ext\_updater.py", line 384, in polling_action_cb
    raise exc
  File "C:\Users\Alexandr\Desktop\Трейдинг\Fandingeasy\venv\lib\site-packages\telegram\ext\_updater.py", line 373, in polling_action_cb
    updates = await self.bot.get_updates(
  File "C:\Users\Alexandr\Desktop\Трейдинг\Fandingeasy\venv\lib\site-packages\telegram\ext\_extbot.py", line 558, in get_updates
    updates = await super().get_updates(
  File "C:\Users\Alexandr\Desktop\Трейдинг\Fandingeasy\venv\lib\site-packages\telegram\_bot.py", line 525, in decorator
    result = await func(self, *args, **kwargs)  # skipcq: PYL-E1102
  File "C:\Users\Alexandr\Desktop\Трейдинг\Fandingeasy\venv\lib\site-packages\telegram\_bot.py", line 3584, in get_updates
    await self._post(
  File "C:\Users\Alexandr\Desktop\Трейдинг\Fandingeasy\venv\lib\site-packages\telegram\_bot.py", line 613, in _post
    return await self._do_post(
  File "C:\Users\Alexandr\Desktop\Трейдинг\Fandingeasy\venv\lib\site-packages\telegram\ext\_extbot.py", line 340, in _do_post
    return await super()._do_post(
  File "C:\Users\Alexandr\Desktop\Трейдинг\Fandingeasy\venv\lib\site-packages\telegram\_bot.py", line 641, in _do_post
    return await request.post(
  File "C:\Users\Alexandr\Desktop\Трейдинг\Fandingeasy\venv\lib\site-packages\telegram\request\_baserequest.py", line 200, in post
    result = await self._request_wrapper(
  File "C:\Users\Alexandr\Desktop\Трейдинг\Fandingeasy\venv\lib\site-packages\telegram\request\_baserequest.py", line 381, in _request_wrapper
    raise Conflict(message)
telegram.error.Conflict: Conflict: terminated by other getUpdates request; make sure that only one bot instance is running
2026-08-06 23:52:49 - scanner - INFO - Starting scan for funding opportunities...
2026-08-06 23:53:00 - httpx - INFO - HTTP Request: POST https://api.telegram.org/bot8846739306:AAEAoXLwx1EpuNrXsFgZ7qG2tF65t6ggNhg/getUpdates "HTTP/1.1 409 Conflict"
2026-08-06 23:53:00 - telegram.ext.Updater - ERROR - Error while getting Updates: Conflict: terminated by other getUpdates request; make sure that only one bot instance is running
2026-08-06 23:53:00 - telegram.ext.Updater - ERROR - Exception happened while polling for updates.
Traceback (most recent call last):
  File "C:\Users\Alexandr\Desktop\Трейдинг\Fandingeasy\venv\lib\site-packages\telegram\ext\_updater.py", line 688, in _network_loop_retry
    if not await action_cb():
  File "C:\Users\Alexandr\Desktop\Трейдинг\Fandingeasy\venv\lib\site-packages\telegram\ext\_updater.py", line 384, in polling_action_cb
    raise exc
  File "C:\Users\Alexandr\Desktop\Трейдинг\Fandingeasy\venv\lib\site-packages\telegram\ext\_updater.py", line 373, in polling_action_cb
    updates = await self.bot.get_updates(
  File "C:\Users\Alexandr\Desktop\Трейдинг\Fandingeasy\venv\lib\site-packages\telegram\ext\_extbot.py", line 558, in get_updates
    updates = await super().get_updates(
  File "C:\Users\Alexandr\Desktop\Трейдинг\Fandingeasy\venv\lib\site-packages\telegram\_bot.py", line 525, in decorator
    result = await func(self, *args, **kwargs)  # skipcq: PYL-E1102
  File "C:\Users\Alexandr\Desktop\Трейдинг\Fandingeasy\venv\lib\site-packages\telegram\_bot.py", line 3584, in get_updates
    await self._post(
  File "C:\Users\Alexandr\Desktop\Трейдинг\Fandingeasy\venv\lib\site-packages\telegram\_bot.py", line 613, in _post
    return await self._do_post(
  File "C:\Users\Alexandr\Desktop\Трейдинг\Fandingeasy\venv\lib\site-packages\telegram\ext\_extbot.py", line 340, in _do_post
    return await super()._do_post(
  File "C:\Users\Alexandr\Desktop\Трейдинг\Fandingeasy\venv\lib\site-packages\telegram\_bot.py", line 641, in _do_post
    return await request.post(
  File "C:\Users\Alexandr\Desktop\Трейдинг\Fandingeasy\venv\lib\site-packages\telegram\request\_baserequest.py", line 200, in post
    result = await self._request_wrapper(
  File "C:\Users\Alexandr\Desktop\Трейдинг\Fandingeasy\venv\lib\site-packages\telegram\request\_baserequest.py", line 381, in _request_wrapper
    raise Conflict(message)
telegram.error.Conflict: Conflict: terminated by other getUpdates request; make sure that only one bot instance is running
2026-08-06 23:53:19 - scanner - INFO - Starting scan for funding opportunities...
2026-08-06 23:53:34 - httpx - INFO - HTTP Request: POST https://api.telegram.org/bot8846739306:AAEAoXLwx1EpuNrXsFgZ7qG2tF65t6ggNhg/getUpdates "HTTP/1.1 409 Conflict"
2026-08-06 23:53:34 - telegram.ext.Updater - ERROR - Error while getting Updates: Conflict: terminated by other getUpdates request; make sure that only one bot instance is running
2026-08-06 23:53:34 - telegram.ext.Updater - ERROR - Exception happened while polling for updates.
Traceback (most recent call last):
  File "C:\Users\Alexandr\Desktop\Трейдинг\Fandingeasy\venv\lib\site-packages\telegram\ext\_updater.py", line 688, in _network_loop_retry
    if not await action_cb():
  File "C:\Users\Alexandr\Desktop\Трейдинг\Fandingeasy\venv\lib\site-packages\telegram\ext\_updater.py", line 384, in polling_action_cb
    raise exc
  File "C:\Users\Alexandr\Desktop\Трейдинг\Fandingeasy\venv\lib\site-packages\telegram\ext\_updater.py", line 373, in polling_action_cb
    updates = await self.bot.get_updates(
  File "C:\Users\Alexandr\Desktop\Трейдинг\Fandingeasy\venv\lib\site-packages\telegram\ext\_extbot.py", line 558, in get_updates
    updates = await super().get_updates(
  File "C:\Users\Alexandr\Desktop\Трейдинг\Fandingeasy\venv\lib\site-packages\telegram\_bot.py", line 525, in decorator
    result = await func(self, *args, **kwargs)  # skipcq: PYL-E1102
  File "C:\Users\Alexandr\Desktop\Трейдинг\Fandingeasy\venv\lib\site-packages\telegram\_bot.py", line 3584, in get_updates
    await self._post(
  File "C:\Users\Alexandr\Desktop\Трейдинг\Fandingeasy\venv\lib\site-packages\telegram\_bot.py", line 613, in _post
    return await self._do_post(
  File "C:\Users\Alexandr\Desktop\Трейдинг\Fandingeasy\venv\lib\site-packages\telegram\ext\_extbot.py", line 340, in _do_post
    return await super()._do_post(
  File "C:\Users\Alexandr\Desktop\Трейдинг\Fandingeasy\venv\lib\site-packages\telegram\_bot.py", line 641, in _do_post
    return await request.post(
  File "C:\Users\Alexandr\Desktop\Трейдинг\Fandingeasy\venv\lib\site-packages\telegram\request\_baserequest.py", line 200, in post
    result = await self._request_wrapper(
  File "C:\Users\Alexandr\Desktop\Трейдинг\Fandingeasy\venv\lib\site-packages\telegram\request\_baserequest.py", line 381, in _request_wrapper
    raise Conflict(message)
telegram.error.Conflict: Conflict: terminated by other getUpdates request; make sure that only one bot instance is running
2026-08-06 23:53:49 - scanner - INFO - Starting scan for funding opportunities...
2026-08-06 23:54:09 - httpx - INFO - HTTP Request: POST https://api.telegram.org/bot8846739306:AAEAoXLwx1EpuNrXsFgZ7qG2tF65t6ggNhg/getUpdates "HTTP/1.1 409 Conflict"
2026-08-06 23:54:09 - telegram.ext.Updater - ERROR - Error while getting Updates: Conflict: terminated by other getUpdates request; make sure that only one bot instance is running
2026-08-06 23:54:09 - telegram.ext.Updater - ERROR - Exception happened while polling for updates.
Traceback (most recent call last):
  File "C:\Users\Alexandr\Desktop\Трейдинг\Fandingeasy\venv\lib\site-packages\telegram\ext\_updater.py", line 688, in _network_loop_retry
    if not await action_cb():
  File "C:\Users\Alexandr\Desktop\Трейдинг\Fandingeasy\venv\lib\site-packages\telegram\ext\_updater.py", line 384, in polling_action_cb
    raise exc
  File "C:\Users\Alexandr\Desktop\Трейдинг\Fandingeasy\venv\lib\site-packages\telegram\ext\_updater.py", line 373, in polling_action_cb
    updates = await self.bot.get_updates(
  File "C:\Users\Alexandr\Desktop\Трейдинг\Fandingeasy\venv\lib\site-packages\telegram\ext\_extbot.py", line 558, in get_updates
    updates = await super().get_updates(
  File "C:\Users\Alexandr\Desktop\Трейдинг\Fandingeasy\venv\lib\site-packages\telegram\_bot.py", line 525, in decorator
    result = await func(self, *args, **kwargs)  # skipcq: PYL-E1102
  File "C:\Users\Alexandr\Desktop\Трейдинг\Fandingeasy\venv\lib\site-packages\telegram\_bot.py", line 3584, in get_updates
    await self._post(
  File "C:\Users\Alexandr\Desktop\Трейдинг\Fandingeasy\venv\lib\site-packages\telegram\_bot.py", line 613, in _post
    return await self._do_post(
  File "C:\Users\Alexandr\Desktop\Трейдинг\Fandingeasy\venv\lib\site-packages\telegram\ext\_extbot.py", line 340, in _do_post
    return await super()._do_post(
  File "C:\Users\Alexandr\Desktop\Трейдинг\Fandingeasy\venv\lib\site-packages\telegram\_bot.py", line 641, in _do_post
    return await request.post(
  File "C:\Users\Alexandr\Desktop\Трейдинг\Fandingeasy\venv\lib\site-packages\telegram\request\_baserequest.py", line 200, in post
    result = await self._request_wrapper(
  File "C:\Users\Alexandr\Desktop\Трейдинг\Fandingeasy\venv\lib\site-packages\telegram\request\_baserequest.py", line 381, in _request_wrapper
    raise Conflict(message)
telegram.error.Conflict: Conflict: terminated by other getUpdates request; make sure that only one bot instance is running
2026-08-06 23:54:20 - scanner - INFO - Starting scan for funding opportunities...
2026-08-06 23:54:42 - httpx - INFO - HTTP Request: POST https://api.telegram.org/bot8846739306:AAEAoXLwx1EpuNrXsFgZ7qG2tF65t6ggNhg/getUpdates "HTTP/1.1 409 Conflict"
2026-08-06 23:54:42 - telegram.ext.Updater - ERROR - Error while getting Updates: Conflict: terminated by other getUpdates request; make sure that only one bot instance is running
2026-08-06 23:54:42 - telegram.ext.Updater - ERROR - Exception happened while polling for updates.
Traceback (most recent call last):
  File "C:\Users\Alexandr\Desktop\Трейдинг\Fandingeasy\venv\lib\site-packages\telegram\ext\_updater.py", line 688, in _network_loop_retry
    if not await action_cb():
  File "C:\Users\Alexandr\Desktop\Трейдинг\Fandingeasy\venv\lib\site-packages\telegram\ext\_updater.py", line 384, in polling_action_cb
    raise exc
  File "C:\Users\Alexandr\Desktop\Трейдинг\Fandingeasy\venv\lib\site-packages\telegram\ext\_updater.py", line 373, in polling_action_cb
    updates = await self.bot.get_updates(
  File "C:\Users\Alexandr\Desktop\Трейдинг\Fandingeasy\venv\lib\site-packages\telegram\ext\_extbot.py", line 558, in get_updates
    updates = await super().get_updates(
  File "C:\Users\Alexandr\Desktop\Трейдинг\Fandingeasy\venv\lib\site-packages\telegram\_bot.py", line 525, in decorator
    result = await func(self, *args, **kwargs)  # skipcq: PYL-E1102
  File "C:\Users\Alexandr\Desktop\Трейдинг\Fandingeasy\venv\lib\site-packages\telegram\_bot.py", line 3584, in get_updates
    await self._post(
  File "C:\Users\Alexandr\Desktop\Трейдинг\Fandingeasy\venv\lib\site-packages\telegram\_bot.py", line 613, in _post
    return await self._do_post(
  File "C:\Users\Alexandr\Desktop\Трейдинг\Fandingeasy\venv\lib\site-packages\telegram\ext\_extbot.py", line 340, in _do_post
    return await super()._do_post(
  File "C:\Users\Alexandr\Desktop\Трейдинг\Fandingeasy\venv\lib\site-packages\telegram\_bot.py", line 641, in _do_post
    return await request.post(
  File "C:\Users\Alexandr\Desktop\Трейдинг\Fandingeasy\venv\lib\site-packages\telegram\request\_baserequest.py", line 200, in post
    result = await self._request_wrapper(
  File "C:\Users\Alexandr\Desktop\Трейдинг\Fandingeasy\venv\lib\site-packages\telegram\request\_baserequest.py", line 381, in _request_wrapper
    raise Conflict(message)
telegram.error.Conflict: Conflict: terminated by other getUpdates request; make sure that only one bot instance is running
2026-08-06 23:54:50 - scanner - INFO - Starting scan for funding opportunities...
2026-08-06 23:55:16 - httpx - INFO - HTTP Request: POST https://api.telegram.org/bot8846739306:AAEAoXLwx1EpuNrXsFgZ7qG2tF65t6ggNhg/getUpdates "HTTP/1.1 409 Conflict"
2026-08-06 23:55:16 - telegram.ext.Updater - ERROR - Error while getting Updates: Conflict: terminated by other getUpdates request; make sure that only one bot instance is running
2026-08-06 23:55:16 - telegram.ext.Updater - ERROR - Exception happened while polling for updates.
Traceback (most recent call last):
  File "C:\Users\Alexandr\Desktop\Трейдинг\Fandingeasy\venv\lib\site-packages\telegram\ext\_updater.py", line 688, in _network_loop_retry
    if not await action_cb():
  File "C:\Users\Alexandr\Desktop\Трейдинг\Fandingeasy\venv\lib\site-packages\telegram\ext\_updater.py", line 384, in polling_action_cb
    raise exc
  File "C:\Users\Alexandr\Desktop\Трейдинг\Fandingeasy\venv\lib\site-packages\telegram\ext\_updater.py", line 373, in polling_action_cb
    updates = await self.bot.get_updates(
  File "C:\Users\Alexandr\Desktop\Трейдинг\Fandingeasy\venv\lib\site-packages\telegram\ext\_extbot.py", line 558, in get_updates
    updates = await super().get_updates(
  File "C:\Users\Alexandr\Desktop\Трейдинг\Fandingeasy\venv\lib\site-packages\telegram\_bot.py", line 525, in decorator
    result = await func(self, *args, **kwargs)  # skipcq: PYL-E1102
  File "C:\Users\Alexandr\Desktop\Трейдинг\Fandingeasy\venv\lib\site-packages\telegram\_bot.py", line 3584, in get_updates
    await self._post(
  File "C:\Users\Alexandr\Desktop\Трейдинг\Fandingeasy\venv\lib\site-packages\telegram\_bot.py", line 613, in _post
    return await self._do_post(
  File "C:\Users\Alexandr\Desktop\Трейдинг\Fandingeasy\venv\lib\site-packages\telegram\ext\_extbot.py", line 340, in _do_post
    return await super()._do_post(
  File "C:\Users\Alexandr\Desktop\Трейдинг\Fandingeasy\venv\lib\site-packages\telegram\_bot.py", line 641, in _do_post
    return await request.post(
  File "C:\Users\Alexandr\Desktop\Трейдинг\Fandingeasy\venv\lib\site-packages\telegram\request\_baserequest.py", line 200, in post
    result = await self._request_wrapper(
  File "C:\Users\Alexandr\Desktop\Трейдинг\Fandingeasy\venv\lib\site-packages\telegram\request\_baserequest.py", line 381, in _request_wrapper
    raise Conflict(message)
telegram.error.Conflict: Conflict: terminated by other getUpdates request; make sure that only one bot instance is running
2026-08-06 23:55:20 - scanner - INFO - Starting scan for funding opportunities...
2026-08-06 23:55:51 - scanner - INFO - Starting scan for funding opportunities...
2026-08-06 23:55:52 - httpx - INFO - HTTP Request: POST https://api.telegram.org/bot8846739306:AAEAoXLwx1EpuNrXsFgZ7qG2tF65t6ggNhg/getUpdates "HTTP/1.1 409 Conflict"
2026-08-06 23:55:52 - telegram.ext.Updater - ERROR - Error while getting Updates: Conflict: terminated by other getUpdates request; make sure that only one bot instance is running
2026-08-06 23:55:52 - telegram.ext.Updater - ERROR - Exception happened while polling for updates.
Traceback (most recent call last):
  File "C:\Users\Alexandr\Desktop\Трейдинг\Fandingeasy\venv\lib\site-packages\telegram\ext\_updater.py", line 688, in _network_loop_retry
    if not await action_cb():
  File "C:\Users\Alexandr\Desktop\Трейдинг\Fandingeasy\venv\lib\site-packages\telegram\ext\_updater.py", line 384, in polling_action_cb
    raise exc
  File "C:\Users\Alexandr\Desktop\Трейдинг\Fandingeasy\venv\lib\site-packages\telegram\ext\_updater.py", line 373, in polling_action_cb
    updates = await self.bot.get_updates(
  File "C:\Users\Alexandr\Desktop\Трейдинг\Fandingeasy\venv\lib\site-packages\telegram\ext\_extbot.py", line 558, in get_updates
    updates = await super().get_updates(
  File "C:\Users\Alexandr\Desktop\Трейдинг\Fandingeasy\venv\lib\site-packages\telegram\_bot.py", line 525, in decorator
    result = await func(self, *args, **kwargs)  # skipcq: PYL-E1102
  File "C:\Users\Alexandr\Desktop\Трейдинг\Fandingeasy\venv\lib\site-packages\telegram\_bot.py", line 3584, in get_updates
    await self._post(
  File "C:\Users\Alexandr\Desktop\Трейдинг\Fandingeasy\venv\lib\site-packages\telegram\_bot.py", line 613, in _post
    return await self._do_post(
  File "C:\Users\Alexandr\Desktop\Трейдинг\Fandingeasy\venv\lib\site-packages\telegram\ext\_extbot.py", line 340, in _do_post
    return await super()._do_post(
  File "C:\Users\Alexandr\Desktop\Трейдинг\Fandingeasy\venv\lib\site-packages\telegram\_bot.py", line 641, in _do_post
    return await request.post(
  File "C:\Users\Alexandr\Desktop\Трейдинг\Fandingeasy\venv\lib\site-packages\telegram\request\_baserequest.py", line 200, in post
    result = await self._request_wrapper(
  File "C:\Users\Alexandr\Desktop\Трейдинг\Fandingeasy\venv\lib\site-packages\telegram\request\_baserequest.py", line 381, in _request_wrapper
    raise Conflict(message)
telegram.error.Conflict: Conflict: terminated by other getUpdates request; make sure that only one bot instance is running
2026-08-06 23:56:21 - scanner - INFO - Starting scan for funding opportunities...
2026-08-06 23:56:26 - httpx - INFO - HTTP Request: POST https://api.telegram.org/bot8846739306:AAEAoXLwx1EpuNrXsFgZ7qG2tF65t6ggNhg/getUpdates "HTTP/1.1 409 Conflict"
2026-08-06 23:56:26 - telegram.ext.Updater - ERROR - Error while getting Updates: Conflict: terminated by other getUpdates request; make sure that only one bot instance is running
2026-08-06 23:56:26 - telegram.ext.Updater - ERROR - Exception happened while polling for updates.
Traceback (most recent call last):
  File "C:\Users\Alexandr\Desktop\Трейдинг\Fandingeasy\venv\lib\site-packages\telegram\ext\_updater.py", line 688, in _network_loop_retry
    if not await action_cb():
  File "C:\Users\Alexandr\Desktop\Трейдинг\Fandingeasy\venv\lib\site-packages\telegram\ext\_updater.py", line 384, in polling_action_cb
    raise exc
  File "C:\Users\Alexandr\Desktop\Трейдинг\Fandingeasy\venv\lib\site-packages\telegram\ext\_updater.py", line 373, in polling_action_cb
    updates = await self.bot.get_updates(
  File "C:\Users\Alexandr\Desktop\Трейдинг\Fandingeasy\venv\lib\site-packages\telegram\ext\_extbot.py", line 558, in get_updates
    updates = await super().get_updates(
  File "C:\Users\Alexandr\Desktop\Трейдинг\Fandingeasy\venv\lib\site-packages\telegram\_bot.py", line 525, in decorator
    result = await func(self, *args, **kwargs)  # skipcq: PYL-E1102
  File "C:\Users\Alexandr\Desktop\Трейдинг\Fandingeasy\venv\lib\site-packages\telegram\_bot.py", line 3584, in get_updates
    await self._post(
  File "C:\Users\Alexandr\Desktop\Трейдинг\Fandingeasy\venv\lib\site-packages\telegram\_bot.py", line 613, in _post
    return await self._do_post(
  File "C:\Users\Alexandr\Desktop\Трейдинг\Fandingeasy\venv\lib\site-packages\telegram\ext\_extbot.py", line 340, in _do_post
    return await super()._do_post(
  File "C:\Users\Alexandr\Desktop\Трейдинг\Fandingeasy\venv\lib\site-packages\telegram\_bot.py", line 641, in _do_post
    return await request.post(
  File "C:\Users\Alexandr\Desktop\Трейдинг\Fandingeasy\venv\lib\site-packages\telegram\request\_baserequest.py", line 200, in post
    result = await self._request_wrapper(
  File "C:\Users\Alexandr\Desktop\Трейдинг\Fandingeasy\venv\lib\site-packages\telegram\request\_baserequest.py", line 381, in _request_wrapper
    raise Conflict(message)
telegram.error.Conflict: Conflict: terminated by other getUpdates request; make sure that only one bot instance is running
2026-08-06 23:56:51 - scanner - INFO - Starting scan for funding opportunities...
2026-08-06 23:57:00 - httpx - INFO - HTTP Request: POST https://api.telegram.org/bot8846739306:AAEAoXLwx1EpuNrXsFgZ7qG2tF65t6ggNhg/getUpdates "HTTP/1.1 409 Conflict"
2026-08-06 23:57:00 - telegram.ext.Updater - ERROR - Error while getting Updates: Conflict: terminated by other getUpdates request; make sure that only one bot instance is running
2026-08-06 23:57:00 - telegram.ext.Updater - ERROR - Exception happened while polling for updates.
Traceback (most recent call last):
  File "C:\Users\Alexandr\Desktop\Трейдинг\Fandingeasy\venv\lib\site-packages\telegram\ext\_updater.py", line 688, in _network_loop_retry
    if not await action_cb():
  File "C:\Users\Alexandr\Desktop\Трейдинг\Fandingeasy\venv\lib\site-packages\telegram\ext\_updater.py", line 384, in polling_action_cb
    raise exc
  File "C:\Users\Alexandr\Desktop\Трейдинг\Fandingeasy\venv\lib\site-packages\telegram\ext\_updater.py", line 373, in polling_action_cb
    updates = await self.bot.get_updates(
  File "C:\Users\Alexandr\Desktop\Трейдинг\Fandingeasy\venv\lib\site-packages\telegram\ext\_extbot.py", line 558, in get_updates
    updates = await super().get_updates(
  File "C:\Users\Alexandr\Desktop\Трейдинг\Fandingeasy\venv\lib\site-packages\telegram\_bot.py", line 525, in decorator
    result = await func(self, *args, **kwargs)  # skipcq: PYL-E1102
  File "C:\Users\Alexandr\Desktop\Трейдинг\Fandingeasy\venv\lib\site-packages\telegram\_bot.py", line 3584, in get_updates
    await self._post(
  File "C:\Users\Alexandr\Desktop\Трейдинг\Fandingeasy\venv\lib\site-packages\telegram\_bot.py", line 613, in _post
    return await self._do_post(
  File "C:\Users\Alexandr\Desktop\Трейдинг\Fandingeasy\venv\lib\site-packages\telegram\ext\_extbot.py", line 340, in _do_post
    return await super()._do_post(
  File "C:\Users\Alexandr\Desktop\Трейдинг\Fandingeasy\venv\lib\site-packages\telegram\_bot.py", line 641, in _do_post
    return await request.post(
  File "C:\Users\Alexandr\Desktop\Трейдинг\Fandingeasy\venv\lib\site-packages\telegram\request\_baserequest.py", line 200, in post
    result = await self._request_wrapper(
  File "C:\Users\Alexandr\Desktop\Трейдинг\Fandingeasy\venv\lib\site-packages\telegram\request\_baserequest.py", line 381, in _request_wrapper
    raise Conflict(message)
telegram.error.Conflict: Conflict: terminated by other getUpdates request; make sure that only one bot instance is running
2026-08-06 23:57:22 - scanner - INFO - Starting scan for funding opportunities...
2026-08-06 23:57:34 - httpx - INFO - HTTP Request: POST https://api.telegram.org/bot8846739306:AAEAoXLwx1EpuNrXsFgZ7qG2tF65t6ggNhg/getUpdates "HTTP/1.1 409 Conflict"
2026-08-06 23:57:34 - telegram.ext.Updater - ERROR - Error while getting Updates: Conflict: terminated by other getUpdates request; make sure that only one bot instance is running
2026-08-06 23:57:34 - telegram.ext.Updater - ERROR - Exception happened while polling for updates.
Traceback (most recent call last):
  File "C:\Users\Alexandr\Desktop\Трейдинг\Fandingeasy\venv\lib\site-packages\telegram\ext\_updater.py", line 688, in _network_loop_retry
    if not await action_cb():
  File "C:\Users\Alexandr\Desktop\Трейдинг\Fandingeasy\venv\lib\site-packages\telegram\ext\_updater.py", line 384, in polling_action_cb
    raise exc
  File "C:\Users\Alexandr\Desktop\Трейдинг\Fandingeasy\venv\lib\site-packages\telegram\ext\_updater.py", line 373, in polling_action_cb
    updates = await self.bot.get_updates(
  File "C:\Users\Alexandr\Desktop\Трейдинг\Fandingeasy\venv\lib\site-packages\telegram\ext\_extbot.py", line 558, in get_updates
    updates = await super().get_updates(
  File "C:\Users\Alexandr\Desktop\Трейдинг\Fandingeasy\venv\lib\site-packages\telegram\_bot.py", line 525, in decorator
    result = await func(self, *args, **kwargs)  # skipcq: PYL-E1102
  File "C:\Users\Alexandr\Desktop\Трейдинг\Fandingeasy\venv\lib\site-packages\telegram\_bot.py", line 3584, in get_updates
    await self._post(
  File "C:\Users\Alexandr\Desktop\Трейдинг\Fandingeasy\venv\lib\site-packages\telegram\_bot.py", line 613, in _post
    return await self._do_post(
  File "C:\Users\Alexandr\Desktop\Трейдинг\Fandingeasy\venv\lib\site-packages\telegram\ext\_extbot.py", line 340, in _do_post
    return await super()._do_post(
  File "C:\Users\Alexandr\Desktop\Трейдинг\Fandingeasy\venv\lib\site-packages\telegram\_bot.py", line 641, in _do_post
    return await request.post(
  File "C:\Users\Alexandr\Desktop\Трейдинг\Fandingeasy\venv\lib\site-packages\telegram\request\_baserequest.py", line 200, in post
    result = await self._request_wrapper(
  File "C:\Users\Alexandr\Desktop\Трейдинг\Fandingeasy\venv\lib\site-packages\telegram\request\_baserequest.py", line 381, in _request_wrapper
    raise Conflict(message)
telegram.error.Conflict: Conflict: terminated by other getUpdates request; make sure that only one bot instance is running
2026-08-06 23:57:52 - scanner - INFO - Starting scan for funding opportunities...
2026-08-06 23:58:08 - httpx - INFO - HTTP Request: POST https://api.telegram.org/bot8846739306:AAEAoXLwx1EpuNrXsFgZ7qG2tF65t6ggNhg/getUpdates "HTTP/1.1 409 Conflict"
2026-08-06 23:58:08 - telegram.ext.Updater - ERROR - Error while getting Updates: Conflict: terminated by other getUpdates request; make sure that only one bot instance is running
2026-08-06 23:58:08 - telegram.ext.Updater - ERROR - Exception happened while polling for updates.
Traceback (most recent call last):
  File "C:\Users\Alexandr\Desktop\Трейдинг\Fandingeasy\venv\lib\site-packages\telegram\ext\_updater.py", line 688, in _network_loop_retry
    if not await action_cb():
  File "C:\Users\Alexandr\Desktop\Трейдинг\Fandingeasy\venv\lib\site-packages\telegram\ext\_updater.py", line 384, in polling_action_cb
    raise exc
  File "C:\Users\Alexandr\Desktop\Трейдинг\Fandingeasy\venv\lib\site-packages\telegram\ext\_updater.py", line 373, in polling_action_cb
    updates = await self.bot.get_updates(
  File "C:\Users\Alexandr\Desktop\Трейдинг\Fandingeasy\venv\lib\site-packages\telegram\ext\_extbot.py", line 558, in get_updates
    updates = await super().get_updates(
  File "C:\Users\Alexandr\Desktop\Трейдинг\Fandingeasy\venv\lib\site-packages\telegram\_bot.py", line 525, in decorator
    result = await func(self, *args, **kwargs)  # skipcq: PYL-E1102
  File "C:\Users\Alexandr\Desktop\Трейдинг\Fandingeasy\venv\lib\site-packages\telegram\_bot.py", line 3584, in get_updates
    await self._post(
  File "C:\Users\Alexandr\Desktop\Трейдинг\Fandingeasy\venv\lib\site-packages\telegram\_bot.py", line 613, in _post
    return await self._do_post(
  File "C:\Users\Alexandr\Desktop\Трейдинг\Fandingeasy\venv\lib\site-packages\telegram\ext\_extbot.py", line 340, in _do_post
    return await super()._do_post(
  File "C:\Users\Alexandr\Desktop\Трейдинг\Fandingeasy\venv\lib\site-packages\telegram\_bot.py", line 641, in _do_post
    return await request.post(
  File "C:\Users\Alexandr\Desktop\Трейдинг\Fandingeasy\venv\lib\site-packages\telegram\request\_baserequest.py", line 200, in post
    result = await self._request_wrapper(
  File "C:\Users\Alexandr\Desktop\Трейдинг\Fandingeasy\venv\lib\site-packages\telegram\request\_baserequest.py", line 381, in _request_wrapper
    raise Conflict(message)
telegram.error.Conflict: Conflict: terminated by other getUpdates request; make sure that only one bot instance is running
2026-08-06 23:58:22 - scanner - INFO - Starting scan for funding opportunities...
2026-08-06 23:58:42 - httpx - INFO - HTTP Request: POST https://api.telegram.org/bot8846739306:AAEAoXLwx1EpuNrXsFgZ7qG2tF65t6ggNhg/getUpdates "HTTP/1.1 409 Conflict"
2026-08-06 23:58:42 - telegram.ext.Updater - ERROR - Error while getting Updates: Conflict: terminated by other getUpdates request; make sure that only one bot instance is running
2026-08-06 23:58:42 - telegram.ext.Updater - ERROR - Exception happened while polling for updates.
Traceback (most recent call last):
  File "C:\Users\Alexandr\Desktop\Трейдинг\Fandingeasy\venv\lib\site-packages\telegram\ext\_updater.py", line 688, in _network_loop_retry
    if not await action_cb():
  File "C:\Users\Alexandr\Desktop\Трейдинг\Fandingeasy\venv\lib\site-packages\telegram\ext\_updater.py", line 384, in polling_action_cb
    raise exc
  File "C:\Users\Alexandr\Desktop\Трейдинг\Fandingeasy\venv\lib\site-packages\telegram\ext\_updater.py", line 373, in polling_action_cb
    updates = await self.bot.get_updates(
  File "C:\Users\Alexandr\Desktop\Трейдинг\Fandingeasy\venv\lib\site-packages\telegram\ext\_extbot.py", line 558, in get_updates
    updates = await super().get_updates(
  File "C:\Users\Alexandr\Desktop\Трейдинг\Fandingeasy\venv\lib\site-packages\telegram\_bot.py", line 525, in decorator
    result = await func(self, *args, **kwargs)  # skipcq: PYL-E1102
  File "C:\Users\Alexandr\Desktop\Трейдинг\Fandingeasy\venv\lib\site-packages\telegram\_bot.py", line 3584, in get_updates
    await self._post(
  File "C:\Users\Alexandr\Desktop\Трейдинг\Fandingeasy\venv\lib\site-packages\telegram\_bot.py", line 613, in _post
    return await self._do_post(
  File "C:\Users\Alexandr\Desktop\Трейдинг\Fandingeasy\venv\lib\site-packages\telegram\ext\_extbot.py", line 340, in _do_post
    return await super()._do_post(
  File "C:\Users\Alexandr\Desktop\Трейдинг\Fandingeasy\venv\lib\site-packages\telegram\_bot.py", line 641, in _do_post
    return await request.post(
  File "C:\Users\Alexandr\Desktop\Трейдинг\Fandingeasy\venv\lib\site-packages\telegram\request\_baserequest.py", line 200, in post
    result = await self._request_wrapper(
  File "C:\Users\Alexandr\Desktop\Трейдинг\Fandingeasy\venv\lib\site-packages\telegram\request\_baserequest.py", line 381, in _request_wrapper
    raise Conflict(message)
telegram.error.Conflict: Conflict: terminated by other getUpdates request; make sure that only one bot instance is running
2026-08-06 23:58:53 - scanner - INFO - Starting scan for funding opportunities...
2026-08-06 23:59:16 - httpx - INFO - HTTP Request: POST https://api.telegram.org/bot8846739306:AAEAoXLwx1EpuNrXsFgZ7qG2tF65t6ggNhg/getUpdates "HTTP/1.1 409 Conflict"
2026-08-06 23:59:16 - telegram.ext.Updater - ERROR - Error while getting Updates: Conflict: terminated by other getUpdates request; make sure that only one bot instance is running
2026-08-06 23:59:16 - telegram.ext.Updater - ERROR - Exception happened while polling for updates.
Traceback (most recent call last):
  File "C:\Users\Alexandr\Desktop\Трейдинг\Fandingeasy\venv\lib\site-packages\telegram\ext\_updater.py", line 688, in _network_loop_retry
    if not await action_cb():
  File "C:\Users\Alexandr\Desktop\Трейдинг\Fandingeasy\venv\lib\site-packages\telegram\ext\_updater.py", line 384, in polling_action_cb
    raise exc
  File "C:\Users\Alexandr\Desktop\Трейдинг\Fandingeasy\venv\lib\site-packages\telegram\ext\_updater.py", line 373, in polling_action_cb
    updates = await self.bot.get_updates(
  File "C:\Users\Alexandr\Desktop\Трейдинг\Fandingeasy\venv\lib\site-packages\telegram\ext\_extbot.py", line 558, in get_updates
    updates = await super().get_updates(
  File "C:\Users\Alexandr\Desktop\Трейдинг\Fandingeasy\venv\lib\site-packages\telegram\_bot.py", line 525, in decorator
    result = await func(self, *args, **kwargs)  # skipcq: PYL-E1102
  File "C:\Users\Alexandr\Desktop\Трейдинг\Fandingeasy\venv\lib\site-packages\telegram\_bot.py", line 3584, in get_updates
    await self._post(
  File "C:\Users\Alexandr\Desktop\Трейдинг\Fandingeasy\venv\lib\site-packages\telegram\_bot.py", line 613, in _post
    return await self._do_post(
  File "C:\Users\Alexandr\Desktop\Трейдинг\Fandingeasy\venv\lib\site-packages\telegram\ext\_extbot.py", line 340, in _do_post
    return await super()._do_post(
  File "C:\Users\Alexandr\Desktop\Трейдинг\Fandingeasy\venv\lib\site-packages\telegram\_bot.py", line 641, in _do_post
    return await request.post(
  File "C:\Users\Alexandr\Desktop\Трейдинг\Fandingeasy\venv\lib\site-packages\telegram\request\_baserequest.py", line 200, in post
    result = await self._request_wrapper(
  File "C:\Users\Alexandr\Desktop\Трейдинг\Fandingeasy\venv\lib\site-packages\telegram\request\_baserequest.py", line 381, in _request_wrapper
    raise Conflict(message)
telegram.error.Conflict: Conflict: terminated by other getUpdates request; make sure that only one bot instance is running
2026-08-06 23:59:23 - scanner - INFO - Starting scan for funding opportunities...
2026-08-06 23:59:50 - httpx - INFO - HTTP Request: POST https://api.telegram.org/bot8846739306:AAEAoXLwx1EpuNrXsFgZ7qG2tF65t6ggNhg/getUpdates "HTTP/1.1 409 Conflict"
2026-08-06 23:59:50 - telegram.ext.Updater - ERROR - Error while getting Updates: Conflict: terminated by other getUpdates request; make sure that only one bot instance is running
2026-08-06 23:59:50 - telegram.ext.Updater - ERROR - Exception happened while polling for updates.
Traceback (most recent call last):
  File "C:\Users\Alexandr\Desktop\Трейдинг\Fandingeasy\venv\lib\site-packages\telegram\ext\_updater.py", line 688, in _network_loop_retry
    if not await action_cb():
  File "C:\Users\Alexandr\Desktop\Трейдинг\Fandingeasy\venv\lib\site-packages\telegram\ext\_updater.py", line 384, in polling_action_cb
    raise exc
  File "C:\Users\Alexandr\Desktop\Трейдинг\Fandingeasy\venv\lib\site-packages\telegram\ext\_updater.py", line 373, in polling_action_cb
    updates = await self.bot.get_updates(
  File "C:\Users\Alexandr\Desktop\Трейдинг\Fandingeasy\venv\lib\site-packages\telegram\ext\_extbot.py", line 558, in get_updates
    updates = await super().get_updates(
  File "C:\Users\Alexandr\Desktop\Трейдинг\Fandingeasy\venv\lib\site-packages\telegram\_bot.py", line 525, in decorator
    result = await func(self, *args, **kwargs)  # skipcq: PYL-E1102
  File "C:\Users\Alexandr\Desktop\Трейдинг\Fandingeasy\venv\lib\site-packages\telegram\_bot.py", line 3584, in get_updates
    await self._post(
  File "C:\Users\Alexandr\Desktop\Трейдинг\Fandingeasy\venv\lib\site-packages\telegram\_bot.py", line 613, in _post
    return await self._do_post(
  File "C:\Users\Alexandr\Desktop\Трейдинг\Fandingeasy\venv\lib\site-packages\telegram\ext\_extbot.py", line 340, in _do_post
    return await super()._do_post(
  File "C:\Users\Alexandr\Desktop\Трейдинг\Fandingeasy\venv\lib\site-packages\telegram\_bot.py", line 641, in _do_post
    return await request.post(
  File "C:\Users\Alexandr\Desktop\Трейдинг\Fandingeasy\venv\lib\site-packages\telegram\request\_baserequest.py", line 200, in post
    result = await self._request_wrapper(
  File "C:\Users\Alexandr\Desktop\Трейдинг\Fandingeasy\venv\lib\site-packages\telegram\request\_baserequest.py", line 381, in _request_wrapper
    raise Conflict(message)
telegram.error.Conflict: Conflict: terminated by other getUpdates request; make sure that only one bot instance is running
2026-08-06 23:59:53 - scanner - INFO - Starting scan for funding opportunities...
2026-08-07 00:00:23 - scanner - INFO - Starting scan for funding opportunities...
2026-08-07 00:00:24 - httpx - INFO - HTTP Request: POST https://api.telegram.org/bot8846739306:AAEAoXLwx1EpuNrXsFgZ7qG2tF65t6ggNhg/getUpdates "HTTP/1.1 409 Conflict"
2026-08-07 00:00:24 - telegram.ext.Updater - ERROR - Error while getting Updates: Conflict: terminated by other getUpdates request; make sure that only one bot instance is running
2026-08-07 00:00:24 - telegram.ext.Updater - ERROR - Exception happened while polling for updates.
Traceback (most recent call last):
  File "C:\Users\Alexandr\Desktop\Трейдинг\Fandingeasy\venv\lib\site-packages\telegram\ext\_updater.py", line 688, in _network_loop_retry
    if not await action_cb():
  File "C:\Users\Alexandr\Desktop\Трейдинг\Fandingeasy\venv\lib\site-packages\telegram\ext\_updater.py", line 384, in polling_action_cb
    raise exc
  File "C:\Users\Alexandr\Desktop\Трейдинг\Fandingeasy\venv\lib\site-packages\telegram\ext\_updater.py", line 373, in polling_action_cb
    updates = await self.bot.get_updates(
  File "C:\Users\Alexandr\Desktop\Трейдинг\Fandingeasy\venv\lib\site-packages\telegram\ext\_extbot.py", line 558, in get_updates
    updates = await super().get_updates(
  File "C:\Users\Alexandr\Desktop\Трейдинг\Fandingeasy\venv\lib\site-packages\telegram\_bot.py", line 525, in decorator
    result = await func(self, *args, **kwargs)  # skipcq: PYL-E1102
  File "C:\Users\Alexandr\Desktop\Трейдинг\Fandingeasy\venv\lib\site-packages\telegram\_bot.py", line 3584, in get_updates
    await self._post(
  File "C:\Users\Alexandr\Desktop\Трейдинг\Fandingeasy\venv\lib\site-packages\telegram\_bot.py", line 613, in _post
    return await self._do_post(
  File "C:\Users\Alexandr\Desktop\Трейдинг\Fandingeasy\venv\lib\site-packages\telegram\ext\_extbot.py", line 340, in _do_post
    return await super()._do_post(
  File "C:\Users\Alexandr\Desktop\Трейдинг\Fandingeasy\venv\lib\site-packages\telegram\_bot.py", line 641, in _do_post
    return await request.post(
  File "C:\Users\Alexandr\Desktop\Трейдинг\Fandingeasy\venv\lib\site-packages\telegram\request\_baserequest.py", line 200, in post
    result = await self._request_wrapper(
  File "C:\Users\Alexandr\Desktop\Трейдинг\Fandingeasy\venv\lib\site-packages\telegram\request\_baserequest.py", line 381, in _request_wrapper
    raise Conflict(message)
telegram.error.Conflict: Conflict: terminated by other getUpdates request; make sure that only one bot instance is running
2026-08-07 00:00:54 - scanner - INFO - Starting scan for funding opportunities...
2026-08-07 00:00:58 - httpx - INFO - HTTP Request: POST https://api.telegram.org/bot8846739306:AAEAoXLwx1EpuNrXsFgZ7qG2tF65t6ggNhg/getUpdates "HTTP/1.1 409 Conflict"
2026-08-07 00:00:58 - telegram.ext.Updater - ERROR - Error while getting Updates: Conflict: terminated by other getUpdates request; make sure that only one bot instance is running
2026-08-07 00:00:58 - telegram.ext.Updater - ERROR - Exception happened while polling for updates.
Traceback (most recent call last):
  File "C:\Users\Alexandr\Desktop\Трейдинг\Fandingeasy\venv\lib\site-packages\telegram\ext\_updater.py", line 688, in _network_loop_retry
    if not await action_cb():
  File "C:\Users\Alexandr\Desktop\Трейдинг\Fandingeasy\venv\lib\site-packages\telegram\ext\_updater.py", line 384, in polling_action_cb
    raise exc
  File "C:\Users\Alexandr\Desktop\Трейдинг\Fandingeasy\venv\lib\site-packages\telegram\ext\_updater.py", line 373, in polling_action_cb
    updates = await self.bot.get_updates(
  File "C:\Users\Alexandr\Desktop\Трейдинг\Fandingeasy\venv\lib\site-packages\telegram\ext\_extbot.py", line 558, in get_updates
    updates = await super().get_updates(
  File "C:\Users\Alexandr\Desktop\Трейдинг\Fandingeasy\venv\lib\site-packages\telegram\_bot.py", line 525, in decorator
    result = await func(self, *args, **kwargs)  # skipcq: PYL-E1102
  File "C:\Users\Alexandr\Desktop\Трейдинг\Fandingeasy\venv\lib\site-packages\telegram\_bot.py", line 3584, in get_updates
    await self._post(
  File "C:\Users\Alexandr\Desktop\Трейдинг\Fandingeasy\venv\lib\site-packages\telegram\_bot.py", line 613, in _post
    return await self._do_post(
  File "C:\Users\Alexandr\Desktop\Трейдинг\Fandingeasy\venv\lib\site-packages\telegram\ext\_extbot.py", line 340, in _do_post
    return await super()._do_post(
  File "C:\Users\Alexandr\Desktop\Трейдинг\Fandingeasy\venv\lib\site-packages\telegram\_bot.py", line 641, in _do_post
    return await request.post(
  File "C:\Users\Alexandr\Desktop\Трейдинг\Fandingeasy\venv\lib\site-packages\telegram\request\_baserequest.py", line 200, in post
    result = await self._request_wrapper(
  File "C:\Users\Alexandr\Desktop\Трейдинг\Fandingeasy\venv\lib\site-packages\telegram\request\_baserequest.py", line 381, in _request_wrapper
    raise Conflict(message)
telegram.error.Conflict: Conflict: terminated by other getUpdates request; make sure that only one bot instance is running
2026-08-07 00:01:24 - scanner - INFO - Starting scan for funding opportunities...
2026-08-07 00:01:33 - httpx - INFO - HTTP Request: POST https://api.telegram.org/bot8846739306:AAEAoXLwx1EpuNrXsFgZ7qG2tF65t6ggNhg/getUpdates "HTTP/1.1 409 Conflict"
2026-08-07 00:01:33 - telegram.ext.Updater - ERROR - Error while getting Updates: Conflict: terminated by other getUpdates request; make sure that only one bot instance is running
2026-08-07 00:01:33 - telegram.ext.Updater - ERROR - Exception happened while polling for updates.
Traceback (most recent call last):
  File "C:\Users\Alexandr\Desktop\Трейдинг\Fandingeasy\venv\lib\site-packages\telegram\ext\_updater.py", line 688, in _network_loop_retry
    if not await action_cb():
  File "C:\Users\Alexandr\Desktop\Трейдинг\Fandingeasy\venv\lib\site-packages\telegram\ext\_updater.py", line 384, in polling_action_cb
    raise exc
  File "C:\Users\Alexandr\Desktop\Трейдинг\Fandingeasy\venv\lib\site-packages\telegram\ext\_updater.py", line 373, in polling_action_cb
    updates = await self.bot.get_updates(
  File "C:\Users\Alexandr\Desktop\Трейдинг\Fandingeasy\venv\lib\site-packages\telegram\ext\_extbot.py", line 558, in get_updates
    updates = await super().get_updates(
  File "C:\Users\Alexandr\Desktop\Трейдинг\Fandingeasy\venv\lib\site-packages\telegram\_bot.py", line 525, in decorator
    result = await func(self, *args, **kwargs)  # skipcq: PYL-E1102
  File "C:\Users\Alexandr\Desktop\Трейдинг\Fandingeasy\venv\lib\site-packages\telegram\_bot.py", line 3584, in get_updates
    await self._post(
  File "C:\Users\Alexandr\Desktop\Трейдинг\Fandingeasy\venv\lib\site-packages\telegram\_bot.py", line 613, in _post
    return await self._do_post(
  File "C:\Users\Alexandr\Desktop\Трейдинг\Fandingeasy\venv\lib\site-packages\telegram\ext\_extbot.py", line 340, in _do_post
    return await super()._do_post(
  File "C:\Users\Alexandr\Desktop\Трейдинг\Fandingeasy\venv\lib\site-packages\telegram\_bot.py", line 641, in _do_post
    return await request.post(
  File "C:\Users\Alexandr\Desktop\Трейдинг\Fandingeasy\venv\lib\site-packages\telegram\request\_baserequest.py", line 200, in post
    result = await self._request_wrapper(
  File "C:\Users\Alexandr\Desktop\Трейдинг\Fandingeasy\venv\lib\site-packages\telegram\request\_baserequest.py", line 381, in _request_wrapper
    raise Conflict(message)
telegram.error.Conflict: Conflict: terminated by other getUpdates request; make sure that only one bot instance is running
2026-08-07 00:01:54 - scanner - INFO - Starting scan for funding opportunities...
2026-08-07 00:02:13 - httpx - INFO - HTTP Request: POST https://api.telegram.org/bot8846739306:AAEAoXLwx1EpuNrXsFgZ7qG2tF65t6ggNhg/getUpdates "HTTP/1.1 409 Conflict"
2026-08-07 00:02:13 - telegram.ext.Updater - ERROR - Error while getting Updates: Conflict: terminated by other getUpdates request; make sure that only one bot instance is running
2026-08-07 00:02:13 - telegram.ext.Updater - ERROR - Exception happened while polling for updates.
Traceback (most recent call last):
  File "C:\Users\Alexandr\Desktop\Трейдинг\Fandingeasy\venv\lib\site-packages\telegram\ext\_updater.py", line 688, in _network_loop_retry
    if not await action_cb():
  File "C:\Users\Alexandr\Desktop\Трейдинг\Fandingeasy\venv\lib\site-packages\telegram\ext\_updater.py", line 384, in polling_action_cb
    raise exc
  File "C:\Users\Alexandr\Desktop\Трейдинг\Fandingeasy\venv\lib\site-packages\telegram\ext\_updater.py", line 373, in polling_action_cb
    updates = await self.bot.get_updates(
  File "C:\Users\Alexandr\Desktop\Трейдинг\Fandingeasy\venv\lib\site-packages\telegram\ext\_extbot.py", line 558, in get_updates
    updates = await super().get_updates(
  File "C:\Users\Alexandr\Desktop\Трейдинг\Fandingeasy\venv\lib\site-packages\telegram\_bot.py", line 525, in decorator
    result = await func(self, *args, **kwargs)  # skipcq: PYL-E1102
  File "C:\Users\Alexandr\Desktop\Трейдинг\Fandingeasy\venv\lib\site-packages\telegram\_bot.py", line 3584, in get_updates
    await self._post(
  File "C:\Users\Alexandr\Desktop\Трейдинг\Fandingeasy\venv\lib\site-packages\telegram\_bot.py", line 613, in _post
    return await self._do_post(
  File "C:\Users\Alexandr\Desktop\Трейдинг\Fandingeasy\venv\lib\site-packages\telegram\ext\_extbot.py", line 340, in _do_post
    return await super()._do_post(
  File "C:\Users\Alexandr\Desktop\Трейдинг\Fandingeasy\venv\lib\site-packages\telegram\_bot.py", line 641, in _do_post
    return await request.post(
  File "C:\Users\Alexandr\Desktop\Трейдинг\Fandingeasy\venv\lib\site-packages\telegram\request\_baserequest.py", line 200, in post
    result = await self._request_wrapper(
  File "C:\Users\Alexandr\Desktop\Трейдинг\Fandingeasy\venv\lib\site-packages\telegram\request\_baserequest.py", line 381, in _request_wrapper
    raise Conflict(message)
telegram.error.Conflict: Conflict: terminated by other getUpdates request; make sure that only one bot instance is running
2026-08-07 00:02:25 - scanner - INFO - Starting scan for funding opportunities...
2026-08-07 00:02:47 - httpx - INFO - HTTP Request: POST https://api.telegram.org/bot8846739306:AAEAoXLwx1EpuNrXsFgZ7qG2tF65t6ggNhg/getUpdates "HTTP/1.1 409 Conflict"
2026-08-07 00:02:47 - telegram.ext.Updater - ERROR - Error while getting Updates: Conflict: terminated by other getUpdates request; make sure that only one bot instance is running
2026-08-07 00:02:47 - telegram.ext.Updater - ERROR - Exception happened while polling for updates.
Traceback (most recent call last):
  File "C:\Users\Alexandr\Desktop\Трейдинг\Fandingeasy\venv\lib\site-packages\telegram\ext\_updater.py", line 688, in _network_loop_retry
    if not await action_cb():
  File "C:\Users\Alexandr\Desktop\Трейдинг\Fandingeasy\venv\lib\site-packages\telegram\ext\_updater.py", line 384, in polling_action_cb
    raise exc
  File "C:\Users\Alexandr\Desktop\Трейдинг\Fandingeasy\venv\lib\site-packages\telegram\ext\_updater.py", line 373, in polling_action_cb
    updates = await self.bot.get_updates(
  File "C:\Users\Alexandr\Desktop\Трейдинг\Fandingeasy\venv\lib\site-packages\telegram\ext\_extbot.py", line 558, in get_updates
    updates = await super().get_updates(
  File "C:\Users\Alexandr\Desktop\Трейдинг\Fandingeasy\venv\lib\site-packages\telegram\_bot.py", line 525, in decorator
    result = await func(self, *args, **kwargs)  # skipcq: PYL-E1102
  File "C:\Users\Alexandr\Desktop\Трейдинг\Fandingeasy\venv\lib\site-packages\telegram\_bot.py", line 3584, in get_updates
    await self._post(
  File "C:\Users\Alexandr\Desktop\Трейдинг\Fandingeasy\venv\lib\site-packages\telegram\_bot.py", line 613, in _post
    return await self._do_post(
  File "C:\Users\Alexandr\Desktop\Трейдинг\Fandingeasy\venv\lib\site-packages\telegram\ext\_extbot.py", line 340, in _do_post
    return await super()._do_post(
  File "C:\Users\Alexandr\Desktop\Трейдинг\Fandingeasy\venv\lib\site-packages\telegram\_bot.py", line 641, in _do_post
    return await request.post(
  File "C:\Users\Alexandr\Desktop\Трейдинг\Fandingeasy\venv\lib\site-packages\telegram\request\_baserequest.py", line 200, in post
    result = await self._request_wrapper(
  File "C:\Users\Alexandr\Desktop\Трейдинг\Fandingeasy\venv\lib\site-packages\telegram\request\_baserequest.py", line 381, in _request_wrapper
    raise Conflict(message)
telegram.error.Conflict: Conflict: terminated by other getUpdates request; make sure that only one bot instance is running
2026-08-07 00:02:55 - scanner - INFO - Starting scan for funding opportunities...
2026-08-07 00:03:21 - httpx - INFO - HTTP Request: POST https://api.telegram.org/bot8846739306:AAEAoXLwx1EpuNrXsFgZ7qG2tF65t6ggNhg/getUpdates "HTTP/1.1 409 Conflict"
2026-08-07 00:03:21 - telegram.ext.Updater - ERROR - Error while getting Updates: Conflict: terminated by other getUpdates request; make sure that only one bot instance is running
2026-08-07 00:03:21 - telegram.ext.Updater - ERROR - Exception happened while polling for updates.
Traceback (most recent call last):
  File "C:\Users\Alexandr\Desktop\Трейдинг\Fandingeasy\venv\lib\site-packages\telegram\ext\_updater.py", line 688, in _network_loop_retry
    if not await action_cb():
  File "C:\Users\Alexandr\Desktop\Трейдинг\Fandingeasy\venv\lib\site-packages\telegram\ext\_updater.py", line 384, in polling_action_cb
    raise exc
  File "C:\Users\Alexandr\Desktop\Трейдинг\Fandingeasy\venv\lib\site-packages\telegram\ext\_updater.py", line 373, in polling_action_cb
    updates = await self.bot.get_updates(
  File "C:\Users\Alexandr\Desktop\Трейдинг\Fandingeasy\venv\lib\site-packages\telegram\ext\_extbot.py", line 558, in get_updates
    updates = await super().get_updates(
  File "C:\Users\Alexandr\Desktop\Трейдинг\Fandingeasy\venv\lib\site-packages\telegram\_bot.py", line 525, in decorator
    result = await func(self, *args, **kwargs)  # skipcq: PYL-E1102
  File "C:\Users\Alexandr\Desktop\Трейдинг\Fandingeasy\venv\lib\site-packages\telegram\_bot.py", line 3584, in get_updates
    await self._post(
  File "C:\Users\Alexandr\Desktop\Трейдинг\Fandingeasy\venv\lib\site-packages\telegram\_bot.py", line 613, in _post
    return await self._do_post(
  File "C:\Users\Alexandr\Desktop\Трейдинг\Fandingeasy\venv\lib\site-packages\telegram\ext\_extbot.py", line 340, in _do_post
    return await super()._do_post(
  File "C:\Users\Alexandr\Desktop\Трейдинг\Fandingeasy\venv\lib\site-packages\telegram\_bot.py", line 641, in _do_post
    return await request.post(
  File "C:\Users\Alexandr\Desktop\Трейдинг\Fandingeasy\venv\lib\site-packages\telegram\request\_baserequest.py", line 200, in post
    result = await self._request_wrapper(
  File "C:\Users\Alexandr\Desktop\Трейдинг\Fandingeasy\venv\lib\site-packages\telegram\request\_baserequest.py", line 381, in _request_wrapper
    raise Conflict(message)
telegram.error.Conflict: Conflict: terminated by other getUpdates request; make sure that only one bot instance is running
2026-08-07 00:03:25 - scanner - INFO - Starting scan for funding opportunities...
2026-08-07 00:03:56 - httpx - INFO - HTTP Request: POST https://api.telegram.org/bot8846739306:AAEAoXLwx1EpuNrXsFgZ7qG2tF65t6ggNhg/getUpdates "HTTP/1.1 409 Conflict"
2026-08-07 00:03:56 - telegram.ext.Updater - ERROR - Error while getting Updates: Conflict: terminated by other getUpdates request; make sure that only one bot instance is running
2026-08-07 00:03:56 - telegram.ext.Updater - ERROR - Exception happened while polling for updates.
Traceback (most recent call last):
  File "C:\Users\Alexandr\Desktop\Трейдинг\Fandingeasy\venv\lib\site-packages\telegram\ext\_updater.py", line 688, in _network_loop_retry
    if not await action_cb():
  File "C:\Users\Alexandr\Desktop\Трейдинг\Fandingeasy\venv\lib\site-packages\telegram\ext\_updater.py", line 384, in polling_action_cb
    raise exc
  File "C:\Users\Alexandr\Desktop\Трейдинг\Fandingeasy\venv\lib\site-packages\telegram\ext\_updater.py", line 373, in polling_action_cb
    updates = await self.bot.get_updates(
  File "C:\Users\Alexandr\Desktop\Трейдинг\Fandingeasy\venv\lib\site-packages\telegram\ext\_extbot.py", line 558, in get_updates
    updates = await super().get_updates(
  File "C:\Users\Alexandr\Desktop\Трейдинг\Fandingeasy\venv\lib\site-packages\telegram\_bot.py", line 525, in decorator
    result = await func(self, *args, **kwargs)  # skipcq: PYL-E1102
  File "C:\Users\Alexandr\Desktop\Трейдинг\Fandingeasy\venv\lib\site-packages\telegram\_bot.py", line 3584, in get_updates
    await self._post(
  File "C:\Users\Alexandr\Desktop\Трейдинг\Fandingeasy\venv\lib\site-packages\telegram\_bot.py", line 613, in _post
    return await self._do_post(
  File "C:\Users\Alexandr\Desktop\Трейдинг\Fandingeasy\venv\lib\site-packages\telegram\ext\_extbot.py", line 340, in _do_post
    return await super()._do_post(
  File "C:\Users\Alexandr\Desktop\Трейдинг\Fandingeasy\venv\lib\site-packages\telegram\_bot.py", line 641, in _do_post
    return await request.post(
  File "C:\Users\Alexandr\Desktop\Трейдинг\Fandingeasy\venv\lib\site-packages\telegram\request\_baserequest.py", line 200, in post
    result = await self._request_wrapper(
  File "C:\Users\Alexandr\Desktop\Трейдинг\Fandingeasy\venv\lib\site-packages\telegram\request\_baserequest.py", line 381, in _request_wrapper
    raise Conflict(message)
telegram.error.Conflict: Conflict: terminated by other getUpdates request; make sure that only one bot instance is running
2026-08-07 00:03:56 - scanner - INFO - Starting scan for funding opportunities...
2026-08-07 00:04:26 - scanner - INFO - Starting scan for funding opportunities...
2026-08-07 00:04:30 - httpx - INFO - HTTP Request: POST https://api.telegram.org/bot8846739306:AAEAoXLwx1EpuNrXsFgZ7qG2tF65t6ggNhg/getUpdates "HTTP/1.1 409 Conflict"
2026-08-07 00:04:30 - telegram.ext.Updater - ERROR - Error while getting Updates: Conflict: terminated by other getUpdates request; make sure that only one bot instance is running
2026-08-07 00:04:30 - telegram.ext.Updater - ERROR - Exception happened while polling for updates.
Traceback (most recent call last):
  File "C:\Users\Alexandr\Desktop\Трейдинг\Fandingeasy\venv\lib\site-packages\telegram\ext\_updater.py", line 688, in _network_loop_retry
    if not await action_cb():
  File "C:\Users\Alexandr\Desktop\Трейдинг\Fandingeasy\venv\lib\site-packages\telegram\ext\_updater.py", line 384, in polling_action_cb
    raise exc
  File "C:\Users\Alexandr\Desktop\Трейдинг\Fandingeasy\venv\lib\site-packages\telegram\ext\_updater.py", line 373, in polling_action_cb
    updates = await self.bot.get_updates(
  File "C:\Users\Alexandr\Desktop\Трейдинг\Fandingeasy\venv\lib\site-packages\telegram\ext\_extbot.py", line 558, in get_updates
    updates = await super().get_updates(
  File "C:\Users\Alexandr\Desktop\Трейдинг\Fandingeasy\venv\lib\site-packages\telegram\_bot.py", line 525, in decorator
    result = await func(self, *args, **kwargs)  # skipcq: PYL-E1102
  File "C:\Users\Alexandr\Desktop\Трейдинг\Fandingeasy\venv\lib\site-packages\telegram\_bot.py", line 3584, in get_updates
    await self._post(
  File "C:\Users\Alexandr\Desktop\Трейдинг\Fandingeasy\venv\lib\site-packages\telegram\_bot.py", line 613, in _post
    return await self._do_post(
  File "C:\Users\Alexandr\Desktop\Трейдинг\Fandingeasy\venv\lib\site-packages\telegram\ext\_extbot.py", line 340, in _do_post
    return await super()._do_post(
  File "C:\Users\Alexandr\Desktop\Трейдинг\Fandingeasy\venv\lib\site-packages\telegram\_bot.py", line 641, in _do_post
    return await request.post(
  File "C:\Users\Alexandr\Desktop\Трейдинг\Fandingeasy\venv\lib\site-packages\telegram\request\_baserequest.py", line 200, in post
    result = await self._request_wrapper(
  File "C:\Users\Alexandr\Desktop\Трейдинг\Fandingeasy\venv\lib\site-packages\telegram\request\_baserequest.py", line 381, in _request_wrapper
    raise Conflict(message)
telegram.error.Conflict: Conflict: terminated by other getUpdates request; make sure that only one bot instance is running
2026-08-07 00:04:56 - scanner - INFO - Starting scan for funding opportunities...
2026-08-07 00:05:04 - httpx - INFO - HTTP Request: POST https://api.telegram.org/bot8846739306:AAEAoXLwx1EpuNrXsFgZ7qG2tF65t6ggNhg/getUpdates "HTTP/1.1 409 Conflict"
2026-08-07 00:05:04 - telegram.ext.Updater - ERROR - Error while getting Updates: Conflict: terminated by other getUpdates request; make sure that only one bot instance is running
2026-08-07 00:05:04 - telegram.ext.Updater - ERROR - Exception happened while polling for updates.
Traceback (most recent call last):
  File "C:\Users\Alexandr\Desktop\Трейдинг\Fandingeasy\venv\lib\site-packages\telegram\ext\_updater.py", line 688, in _network_loop_retry
    if not await action_cb():
  File "C:\Users\Alexandr\Desktop\Трейдинг\Fandingeasy\venv\lib\site-packages\telegram\ext\_updater.py", line 384, in polling_action_cb
    raise exc
  File "C:\Users\Alexandr\Desktop\Трейдинг\Fandingeasy\venv\lib\site-packages\telegram\ext\_updater.py", line 373, in polling_action_cb
    updates = await self.bot.get_updates(
  File "C:\Users\Alexandr\Desktop\Трейдинг\Fandingeasy\venv\lib\site-packages\telegram\ext\_extbot.py", line 558, in get_updates
    updates = await super().get_updates(
  File "C:\Users\Alexandr\Desktop\Трейдинг\Fandingeasy\venv\lib\site-packages\telegram\_bot.py", line 525, in decorator
    result = await func(self, *args, **kwargs)  # skipcq: PYL-E1102
  File "C:\Users\Alexandr\Desktop\Трейдинг\Fandingeasy\venv\lib\site-packages\telegram\_bot.py", line 3584, in get_updates
    await self._post(
  File "C:\Users\Alexandr\Desktop\Трейдинг\Fandingeasy\venv\lib\site-packages\telegram\_bot.py", line 613, in _post
    return await self._do_post(
  File "C:\Users\Alexandr\Desktop\Трейдинг\Fandingeasy\venv\lib\site-packages\telegram\ext\_extbot.py", line 340, in _do_post
    return await super()._do_post(
  File "C:\Users\Alexandr\Desktop\Трейдинг\Fandingeasy\venv\lib\site-packages\telegram\_bot.py", line 641, in _do_post
    return await request.post(
  File "C:\Users\Alexandr\Desktop\Трейдинг\Fandingeasy\venv\lib\site-packages\telegram\request\_baserequest.py", line 200, in post
    result = await self._request_wrapper(
  File "C:\Users\Alexandr\Desktop\Трейдинг\Fandingeasy\venv\lib\site-packages\telegram\request\_baserequest.py", line 381, in _request_wrapper
    raise Conflict(message)
telegram.error.Conflict: Conflict: terminated by other getUpdates request; make sure that only one bot instance is running
2026-08-07 00:05:27 - scanner - INFO - Starting scan for funding opportunities...
2026-08-07 00:05:37 - telegram.ext.Application - WARNING - Fetching updates got a asyncio.CancelledError. Ignoring as this task may onlybe closed via `Application.stop`.
2026-08-07 00:05:37 - telegram.ext.Application - INFO - Application is stopping. This might take a moment.
2026-08-07 00:05:37 - apscheduler.scheduler - INFO - Scheduler has been shut down
2026-08-07 00:05:37 - telegram.ext.Application - INFO - Application.stop() complete
2026-08-07 00:05:38 - httpx - INFO - HTTP Request: POST https://api.telegram.org/bot8846739306:AAEAoXLwx1EpuNrXsFgZ7qG2tF65t6ggNhg/getUpdates "HTTP/1.1 200 OK"
2026-08-07 00:05:38 - telegram_handlers - INFO - 👋 Бот завершил работу
2026-08-07 00:05:38 - root - INFO - 👋 Бот завершил работу
2026-08-07 00:30:07 - root - INFO - 
╔═══════════════════════════════════════════════════════╗
║                                                       ║
║   🚀 Funding Arbitrage Bot v1.0.0                    ║
║                                                       ║
║   📊 Анализ фандинга на Bybit                       ║
║   🤖 Telegram бот для арбитража                     ║
║                                                       ║
╚═══════════════════════════════════════════════════════╝
    
2026-08-07 00:30:07 - root - INFO - 📋 Текущие настройки:
2026-08-07 00:30:07 - root - INFO -   • Минимальный фандинг: 0.05%
2026-08-07 00:30:07 - root - INFO -   • Макс время до выплаты: 10 мин
2026-08-07 00:30:07 - root - INFO -   • Минимальный объем: $1,000,000
2026-08-07 00:30:07 - root - INFO -   • Интервал сканирования: 30 сек
2026-08-07 00:30:07 - root - INFO - 
2026-08-07 00:30:07 - root - INFO -   • Спот комиссия: 0.1% (покупка) + 0.1% (продажа)
2026-08-07 00:30:07 - root - INFO -   • Фьючерс комиссия: 0.02% (открытие) + 0.055% (закрытие)
2026-08-07 00:30:07 - root - INFO - ==================================================
2026-08-07 00:30:07 - root - INFO - ✅ Проверка окружения пройдена успешно
2026-08-07 00:30:07 - root - INFO - 📱 Инициализация Telegram бота...
2026-08-07 00:30:07 - root - INFO - ✅ Бот успешно инициализирован
2026-08-07 00:30:07 - root - INFO - 
2026-08-07 00:30:07 - root - INFO - 🚀 Запуск бота...
2026-08-07 00:30:07 - root - INFO - ⏳ Ожидайте уведомлений о найденных кандидатах
2026-08-07 00:30:07 - root - INFO - ==================================================
2026-08-07 00:30:07 - root - INFO - 
2026-08-07 00:30:07 - telegram_handlers - INFO - 🚀 Запуск Telegram бота...
2026-08-07 00:30:07 - httpx - INFO - HTTP Request: POST https://api.telegram.org/bot8846739306:AAEAoXLwx1EpuNrXsFgZ7qG2tF65t6ggNhg/deleteWebhook "HTTP/1.1 200 OK"
2026-08-07 00:30:07 - telegram_handlers - INFO - ✅ Webhook очищен
2026-08-07 00:30:07 - telegram_handlers - INFO - 🔄 Запуск фонового сканера...
2026-08-07 00:30:07 - scanner - INFO - 🔄 Scanner started with interval 30 seconds
2026-08-07 00:30:08 - exchange - INFO - Found 0 candidates from 801 tickers
2026-08-07 00:30:08 - httpx - INFO - HTTP Request: POST https://api.telegram.org/bot8846739306:AAEAoXLwx1EpuNrXsFgZ7qG2tF65t6ggNhg/getMe "HTTP/1.1 200 OK"
2026-08-07 00:30:08 - apscheduler.scheduler - INFO - Scheduler started
2026-08-07 00:30:08 - telegram.ext.Application - INFO - Application started
2026-08-07 00:30:08 - httpx - INFO - HTTP Request: POST https://api.telegram.org/bot8846739306:AAEAoXLwx1EpuNrXsFgZ7qG2tF65t6ggNhg/deleteWebhook "HTTP/1.1 200 OK"
2026-08-07 00:30:08 - telegram_handlers - INFO - ✅ Бот успешно запущен и готов к работе!
2026-08-07 00:30:08 - telegram_handlers - INFO - 📱 Нажмите /start в Telegram для начала работы
2026-08-07 00:30:08 - telegram_handlers - INFO - ==================================================
2026-08-07 00:30:19 - httpx - INFO - HTTP Request: POST https://api.telegram.org/bot8846739306:AAEAoXLwx1EpuNrXsFgZ7qG2tF65t6ggNhg/getUpdates "HTTP/1.1 200 OK"
2026-08-07 00:30:24 - httpx - INFO - HTTP Request: POST https://api.telegram.org/bot8846739306:AAEAoXLwx1EpuNrXsFgZ7qG2tF65t6ggNhg/getUpdates "HTTP/1.1 200 OK"
2026-08-07 00:30:24 - telegram_handlers - INFO - 👤 Новый пользователь: 462035571 (chat_id: 462035571)
2026-08-07 00:30:24 - httpx - INFO - HTTP Request: POST https://api.telegram.org/bot8846739306:AAEAoXLwx1EpuNrXsFgZ7qG2tF65t6ggNhg/sendMessage "HTTP/1.1 200 OK"
2026-08-07 00:30:33 - httpx - INFO - HTTP Request: POST https://api.telegram.org/bot8846739306:AAEAoXLwx1EpuNrXsFgZ7qG2tF65t6ggNhg/getUpdates "HTTP/1.1 409 Conflict"
2026-08-07 00:30:33 - telegram.ext.Updater - ERROR - Error while getting Updates: Conflict: terminated by other getUpdates request; make sure that only one bot instance is running
2026-08-07 00:30:33 - telegram.ext.Updater - ERROR - Exception happened while polling for updates.
Traceback (most recent call last):
  File "C:\Users\Alexandr\Desktop\Трейдинг\Fandingeasy\venv\lib\site-packages\telegram\ext\_updater.py", line 688, in _network_loop_retry
    if not await action_cb():
  File "C:\Users\Alexandr\Desktop\Трейдинг\Fandingeasy\venv\lib\site-packages\telegram\ext\_updater.py", line 384, in polling_action_cb
    raise exc
  File "C:\Users\Alexandr\Desktop\Трейдинг\Fandingeasy\venv\lib\site-packages\telegram\ext\_updater.py", line 373, in polling_action_cb
    updates = await self.bot.get_updates(
  File "C:\Users\Alexandr\Desktop\Трейдинг\Fandingeasy\venv\lib\site-packages\telegram\ext\_extbot.py", line 558, in get_updates
    updates = await super().get_updates(
  File "C:\Users\Alexandr\Desktop\Трейдинг\Fandingeasy\venv\lib\site-packages\telegram\_bot.py", line 525, in decorator
    result = await func(self, *args, **kwargs)  # skipcq: PYL-E1102
  File "C:\Users\Alexandr\Desktop\Трейдинг\Fandingeasy\venv\lib\site-packages\telegram\_bot.py", line 3584, in get_updates
    await self._post(
  File "C:\Users\Alexandr\Desktop\Трейдинг\Fandingeasy\venv\lib\site-packages\telegram\_bot.py", line 613, in _post
    return await self._do_post(
  File "C:\Users\Alexandr\Desktop\Трейдинг\Fandingeasy\venv\lib\site-packages\telegram\ext\_extbot.py", line 340, in _do_post
    return await super()._do_post(
  File "C:\Users\Alexandr\Desktop\Трейдинг\Fandingeasy\venv\lib\site-packages\telegram\_bot.py", line 641, in _do_post
    return await request.post(
  File "C:\Users\Alexandr\Desktop\Трейдинг\Fandingeasy\venv\lib\site-packages\telegram\request\_baserequest.py", line 200, in post
    result = await self._request_wrapper(
  File "C:\Users\Alexandr\Desktop\Трейдинг\Fandingeasy\venv\lib\site-packages\telegram\request\_baserequest.py", line 381, in _request_wrapper
    raise Conflict(message)
telegram.error.Conflict: Conflict: terminated by other getUpdates request; make sure that only one bot instance is running
2026-08-07 00:30:39 - exchange - INFO - Found 0 candidates from 801 tickers
2026-08-07 00:30:43 - httpx - INFO - HTTP Request: POST https://api.telegram.org/bot8846739306:AAEAoXLwx1EpuNrXsFgZ7qG2tF65t6ggNhg/getUpdates "HTTP/1.1 200 OK"
2026-08-07 00:30:54 - httpx - INFO - HTTP Request: POST https://api.telegram.org/bot8846739306:AAEAoXLwx1EpuNrXsFgZ7qG2tF65t6ggNhg/getUpdates "HTTP/1.1 200 OK"
2026-08-07 00:31:05 - httpx - INFO - HTTP Request: POST https://api.telegram.org/bot8846739306:AAEAoXLwx1EpuNrXsFgZ7qG2tF65t6ggNhg/getUpdates "HTTP/1.1 200 OK"
2026-08-07 00:31:07 - httpx - INFO - HTTP Request: POST https://api.telegram.org/bot8846739306:AAEAoXLwx1EpuNrXsFgZ7qG2tF65t6ggNhg/getUpdates "HTTP/1.1 409 Conflict"
2026-08-07 00:31:07 - telegram.ext.Updater - ERROR - Error while getting Updates: Conflict: terminated by other getUpdates request; make sure that only one bot instance is running
2026-08-07 00:31:07 - telegram.ext.Updater - ERROR - Exception happened while polling for updates.
Traceback (most recent call last):
  File "C:\Users\Alexandr\Desktop\Трейдинг\Fandingeasy\venv\lib\site-packages\telegram\ext\_updater.py", line 688, in _network_loop_retry
    if not await action_cb():
  File "C:\Users\Alexandr\Desktop\Трейдинг\Fandingeasy\venv\lib\site-packages\telegram\ext\_updater.py", line 384, in polling_action_cb
    raise exc
  File "C:\Users\Alexandr\Desktop\Трейдинг\Fandingeasy\venv\lib\site-packages\telegram\ext\_updater.py", line 373, in polling_action_cb
    updates = await self.bot.get_updates(
  File "C:\Users\Alexandr\Desktop\Трейдинг\Fandingeasy\venv\lib\site-packages\telegram\ext\_extbot.py", line 558, in get_updates
    updates = await super().get_updates(
  File "C:\Users\Alexandr\Desktop\Трейдинг\Fandingeasy\venv\lib\site-packages\telegram\_bot.py", line 525, in decorator
    result = await func(self, *args, **kwargs)  # skipcq: PYL-E1102
  File "C:\Users\Alexandr\Desktop\Трейдинг\Fandingeasy\venv\lib\site-packages\telegram\_bot.py", line 3584, in get_updates
    await self._post(
  File "C:\Users\Alexandr\Desktop\Трейдинг\Fandingeasy\venv\lib\site-packages\telegram\_bot.py", line 613, in _post
    return await self._do_post(
  File "C:\Users\Alexandr\Desktop\Трейдинг\Fandingeasy\venv\lib\site-packages\telegram\ext\_extbot.py", line 340, in _do_post
    return await super()._do_post(
  File "C:\Users\Alexandr\Desktop\Трейдинг\Fandingeasy\venv\lib\site-packages\telegram\_bot.py", line 641, in _do_post
    return await request.post(
  File "C:\Users\Alexandr\Desktop\Трейдинг\Fandingeasy\venv\lib\site-packages\telegram\request\_baserequest.py", line 200, in post
    result = await self._request_wrapper(
  File "C:\Users\Alexandr\Desktop\Трейдинг\Fandingeasy\venv\lib\site-packages\telegram\request\_baserequest.py", line 381, in _request_wrapper
    raise Conflict(message)
telegram.error.Conflict: Conflict: terminated by other getUpdates request; make sure that only one bot instance is running
2026-08-07 00:31:09 - exchange - INFO - Found 0 candidates from 801 tickers
2026-08-07 00:31:17 - httpx - INFO - HTTP Request: POST https://api.telegram.org/bot8846739306:AAEAoXLwx1EpuNrXsFgZ7qG2tF65t6ggNhg/getUpdates "HTTP/1.1 200 OK"
2026-08-07 00:31:28 - httpx - INFO - HTTP Request: POST https://api.telegram.org/bot8846739306:AAEAoXLwx1EpuNrXsFgZ7qG2tF65t6ggNhg/getUpdates "HTTP/1.1 200 OK"
2026-08-07 00:31:39 - httpx - INFO - HTTP Request: POST https://api.telegram.org/bot8846739306:AAEAoXLwx1EpuNrXsFgZ7qG2tF65t6ggNhg/getUpdates "HTTP/1.1 200 OK"
2026-08-07 00:31:40 - exchange - INFO - Found 0 candidates from 801 tickers
2026-08-07 00:31:40 - httpx - INFO - HTTP Request: POST https://api.telegram.org/bot8846739306:AAEAoXLwx1EpuNrXsFgZ7qG2tF65t6ggNhg/getUpdates "HTTP/1.1 409 Conflict"
2026-08-07 00:31:40 - telegram.ext.Updater - ERROR - Error while getting Updates: Conflict: terminated by other getUpdates request; make sure that only one bot instance is running
2026-08-07 00:31:40 - telegram.ext.Updater - ERROR - Exception happened while polling for updates.
Traceback (most recent call last):
  File "C:\Users\Alexandr\Desktop\Трейдинг\Fandingeasy\venv\lib\site-packages\telegram\ext\_updater.py", line 688, in _network_loop_retry
    if not await action_cb():
  File "C:\Users\Alexandr\Desktop\Трейдинг\Fandingeasy\venv\lib\site-packages\telegram\ext\_updater.py", line 384, in polling_action_cb
    raise exc
  File "C:\Users\Alexandr\Desktop\Трейдинг\Fandingeasy\venv\lib\site-packages\telegram\ext\_updater.py", line 373, in polling_action_cb
    updates = await self.bot.get_updates(
  File "C:\Users\Alexandr\Desktop\Трейдинг\Fandingeasy\venv\lib\site-packages\telegram\ext\_extbot.py", line 558, in get_updates
    updates = await super().get_updates(
  File "C:\Users\Alexandr\Desktop\Трейдинг\Fandingeasy\venv\lib\site-packages\telegram\_bot.py", line 525, in decorator
    result = await func(self, *args, **kwargs)  # skipcq: PYL-E1102
  File "C:\Users\Alexandr\Desktop\Трейдинг\Fandingeasy\venv\lib\site-packages\telegram\_bot.py", line 3584, in get_updates
    await self._post(
  File "C:\Users\Alexandr\Desktop\Трейдинг\Fandingeasy\venv\lib\site-packages\telegram\_bot.py", line 613, in _post
    return await self._do_post(
  File "C:\Users\Alexandr\Desktop\Трейдинг\Fandingeasy\venv\lib\site-packages\telegram\ext\_extbot.py", line 340, in _do_post
    return await super()._do_post(
  File "C:\Users\Alexandr\Desktop\Трейдинг\Fandingeasy\venv\lib\site-packages\telegram\_bot.py", line 641, in _do_post
    return await request.post(
  File "C:\Users\Alexandr\Desktop\Трейдинг\Fandingeasy\venv\lib\site-packages\telegram\request\_baserequest.py", line 200, in post
    result = await self._request_wrapper(
  File "C:\Users\Alexandr\Desktop\Трейдинг\Fandingeasy\venv\lib\site-packages\telegram\request\_baserequest.py", line 381, in _request_wrapper
    raise Conflict(message)
telegram.error.Conflict: Conflict: terminated by other getUpdates request; make sure that only one bot instance is running
2026-08-07 00:31:47 - telegram.ext.Application - WARNING - Fetching updates got a asyncio.CancelledError. Ignoring as this task may onlybe closed via `Application.stop`.
2026-08-07 00:31:47 - telegram.ext.Application - INFO - Application is stopping. This might take a moment.
2026-08-07 00:31:47 - apscheduler.scheduler - INFO - Scheduler has been shut down
2026-08-07 00:31:47 - telegram.ext.Application - INFO - Application.stop() complete
2026-08-07 00:31:47 - httpx - INFO - HTTP Request: POST https://api.telegram.org/bot8846739306:AAEAoXLwx1EpuNrXsFgZ7qG2tF65t6ggNhg/getUpdates "HTTP/1.1 200 OK"
2026-08-07 00:31:47 - telegram_handlers - INFO - 👋 Бот завершил работу
2026-08-07 00:31:47 - root - INFO - 👋 Бот завершил работу
2026-08-07 16:51:06 - root - INFO - 
╔═══════════════════════════════════════════════════════╗
║                                                       ║
║   🚀 Funding Arbitrage Bot v1.0.0                    ║
║                                                       ║
║   📊 Анализ фандинга на Bybit                       ║
║   🤖 Telegram бот для арбитража                     ║
║                                                       ║
╚═══════════════════════════════════════════════════════╝
    
2026-08-07 16:51:06 - root - INFO - 📋 Текущие настройки:
2026-08-07 16:51:06 - root - INFO -   • Минимальный фандинг: 0.02%
2026-08-07 16:51:06 - root - INFO -   • Макс время до выплаты: 10 мин
2026-08-07 16:51:06 - root - INFO -   • Минимальный объем: $1,000,000
2026-08-07 16:51:06 - root - INFO -   • Интервал сканирования: 30 сек
2026-08-07 16:51:06 - root - INFO - 
2026-08-07 16:51:06 - root - INFO -   • Спот комиссия: 0.1% (покупка) + 0.1% (продажа)
2026-08-07 16:51:06 - root - INFO -   • Фьючерс комиссия: 0.02% (открытие) + 0.055% (закрытие)
2026-08-07 16:51:06 - root - INFO - ==================================================
2026-08-07 16:51:06 - root - INFO - ✅ Проверка окружения пройдена успешно
2026-08-07 16:51:06 - root - INFO - 📱 Инициализация Telegram бота...
2026-08-07 16:51:06 - root - INFO - ✅ Бот успешно инициализирован
2026-08-07 16:51:06 - root - INFO - 
2026-08-07 16:51:06 - root - INFO - 🚀 Запуск бота...
2026-08-07 16:51:06 - root - INFO - ⏳ Ожидайте уведомлений о найденных кандидатах
2026-08-07 16:51:06 - root - INFO - ==================================================
2026-08-07 16:51:06 - root - INFO - 
2026-08-07 16:51:06 - telegram_handlers - INFO - 🚀 Запуск Telegram бота...
2026-08-07 16:51:06 - httpx - INFO - HTTP Request: POST https://api.telegram.org/bot8892372438:AAFcEA3SIRY3056MQ6pNr0Ci8VC1JU0gSr8/deleteWebhook "HTTP/1.1 200 OK"
2026-08-07 16:51:06 - telegram_handlers - INFO - ✅ Webhook очищен
2026-08-07 16:51:06 - telegram_handlers - INFO - 🔄 Запуск фонового сканера...
2026-08-07 16:51:06 - scanner - INFO - 🔄 Scanner started with interval 30 seconds
2026-08-07 16:51:07 - exchange - INFO - ✅ Загружено 805 тикеров
2026-08-07 16:51:07 - exchange - INFO - ✅ Загружено 557 спотовых символов
2026-08-07 16:51:07 - exchange - INFO - 🔍 0GUSDT: funding=0.0050%, nextFundingTime=1786118400000
2026-08-07 16:51:07 - exchange - INFO - ==================================================
2026-08-07 16:51:07 - exchange - INFO - 📊 СТАТИСТИКА СКАНИРОВАНИЯ
2026-08-07 16:51:07 - exchange - INFO - ==================================================
2026-08-07 16:51:07 - exchange - INFO -   Всего USDT фьючерсов:    805
2026-08-07 16:51:07 - exchange - INFO -   Есть спотовый рынок:     294
2026-08-07 16:51:07 - exchange - INFO -   Funding > 0:             223
2026-08-07 16:51:07 - exchange - INFO -   Funding >= 0.02%:        4
2026-08-07 16:51:07 - exchange - INFO -   Funding >= 0.05%:        4
2026-08-07 16:51:07 - exchange - INFO -   До выплаты <= 10 мин: 0
2026-08-07 16:51:07 - exchange - INFO -   Объем >= $1,000,000: 0
2026-08-07 16:51:07 - exchange - INFO - --------------------------------------------------
2026-08-07 16:51:07 - exchange - INFO -   ✅ НАЙДЕНО КАНДИДАТОВ:    0
2026-08-07 16:51:07 - exchange - INFO - ==================================================
2026-08-07 16:51:07 - httpx - INFO - HTTP Request: POST https://api.telegram.org/bot8892372438:AAFcEA3SIRY3056MQ6pNr0Ci8VC1JU0gSr8/getMe "HTTP/1.1 200 OK"
2026-08-07 16:51:07 - apscheduler.scheduler - INFO - Scheduler started
2026-08-07 16:51:07 - telegram.ext.Application - INFO - Application started
2026-08-07 16:51:07 - httpx - INFO - HTTP Request: POST https://api.telegram.org/bot8892372438:AAFcEA3SIRY3056MQ6pNr0Ci8VC1JU0gSr8/deleteWebhook "HTTP/1.1 200 OK"
2026-08-07 16:51:07 - telegram_handlers - INFO - ✅ Бот успешно запущен и готов к работе!
2026-08-07 16:51:07 - telegram_handlers - INFO - 📱 Нажмите /start в Telegram для начала работы
2026-08-07 16:51:07 - telegram_handlers - INFO - ==================================================
2026-08-07 16:51:17 - httpx - INFO - HTTP Request: POST https://api.telegram.org/bot8892372438:AAFcEA3SIRY3056MQ6pNr0Ci8VC1JU0gSr8/getUpdates "HTTP/1.1 200 OK"
2026-08-07 16:51:18 - httpx - INFO - HTTP Request: POST https://api.telegram.org/bot8892372438:AAFcEA3SIRY3056MQ6pNr0Ci8VC1JU0gSr8/getUpdates "HTTP/1.1 200 OK"
2026-08-07 16:51:18 - telegram_handlers - INFO - 👤 Новый пользователь: 462035571 (chat_id: 462035571)
2026-08-07 16:51:19 - httpx - INFO - HTTP Request: POST https://api.telegram.org/bot8892372438:AAFcEA3SIRY3056MQ6pNr0Ci8VC1JU0gSr8/sendMessage "HTTP/1.1 200 OK"
2026-08-07 16:51:29 - httpx - INFO - HTTP Request: POST https://api.telegram.org/bot8892372438:AAFcEA3SIRY3056MQ6pNr0Ci8VC1JU0gSr8/getUpdates "HTTP/1.1 200 OK"
2026-08-07 16:51:37 - exchange - INFO - ✅ Загружено 805 тикеров
2026-08-07 16:51:37 - exchange - INFO - 🔍 0GUSDT: funding=0.0050%, nextFundingTime=1786118400000
2026-08-07 16:51:37 - exchange - INFO - ==================================================
2026-08-07 16:51:37 - exchange - INFO - 📊 СТАТИСТИКА СКАНИРОВАНИЯ
2026-08-07 16:51:37 - exchange - INFO - ==================================================
2026-08-07 16:51:37 - exchange - INFO -   Всего USDT фьючерсов:    805
2026-08-07 16:51:37 - exchange - INFO -   Есть спотовый рынок:     294
2026-08-07 16:51:37 - exchange - INFO -   Funding > 0:             223
2026-08-07 16:51:37 - exchange - INFO -   Funding >= 0.02%:        4
2026-08-07 16:51:37 - exchange - INFO -   Funding >= 0.05%:        4
2026-08-07 16:51:37 - exchange - INFO -   До выплаты <= 10 мин: 0
2026-08-07 16:51:37 - exchange - INFO -   Объем >= $1,000,000: 0
2026-08-07 16:51:37 - exchange - INFO - --------------------------------------------------
2026-08-07 16:51:37 - exchange - INFO -   ✅ НАЙДЕНО КАНДИДАТОВ:    0
2026-08-07 16:51:37 - exchange - INFO - ==================================================
2026-08-07 16:51:39 - httpx - INFO - HTTP Request: POST https://api.telegram.org/bot8892372438:AAFcEA3SIRY3056MQ6pNr0Ci8VC1JU0gSr8/getUpdates "HTTP/1.1 200 OK"
2026-08-07 16:51:50 - httpx - INFO - HTTP Request: POST https://api.telegram.org/bot8892372438:AAFcEA3SIRY3056MQ6pNr0Ci8VC1JU0gSr8/getUpdates "HTTP/1.1 200 OK"
2026-08-07 16:52:01 - httpx - INFO - HTTP Request: POST https://api.telegram.org/bot8892372438:AAFcEA3SIRY3056MQ6pNr0Ci8VC1JU0gSr8/getUpdates "HTTP/1.1 200 OK"
2026-08-07 16:52:08 - exchange - INFO - ✅ Загружено 805 тикеров
2026-08-07 16:52:08 - exchange - INFO - 🔍 0GUSDT: funding=0.0050%, nextFundingTime=1786118400000
2026-08-07 16:52:08 - exchange - INFO - ==================================================
2026-08-07 16:52:08 - exchange - INFO - 📊 СТАТИСТИКА СКАНИРОВАНИЯ
2026-08-07 16:52:08 - exchange - INFO - ==================================================
2026-08-07 16:52:08 - exchange - INFO -   Всего USDT фьючерсов:    805
2026-08-07 16:52:08 - exchange - INFO -   Есть спотовый рынок:     294
2026-08-07 16:52:08 - exchange - INFO -   Funding > 0:             224
2026-08-07 16:52:08 - exchange - INFO -   Funding >= 0.02%:        4
2026-08-07 16:52:08 - exchange - INFO -   Funding >= 0.05%:        4
2026-08-07 16:52:08 - exchange - INFO -   До выплаты <= 10 мин: 0
2026-08-07 16:52:08 - exchange - INFO -   Объем >= $1,000,000: 0
2026-08-07 16:52:08 - exchange - INFO - --------------------------------------------------
2026-08-07 16:52:08 - exchange - INFO -   ✅ НАЙДЕНО КАНДИДАТОВ:    0
2026-08-07 16:52:08 - exchange - INFO - ==================================================
2026-08-07 16:52:11 - httpx - INFO - HTTP Request: POST https://api.telegram.org/bot8892372438:AAFcEA3SIRY3056MQ6pNr0Ci8VC1JU0gSr8/getUpdates "HTTP/1.1 200 OK"
2026-08-07 16:52:22 - httpx - INFO - HTTP Request: POST https://api.telegram.org/bot8892372438:AAFcEA3SIRY3056MQ6pNr0Ci8VC1JU0gSr8/getUpdates "HTTP/1.1 200 OK"
2026-08-07 16:52:32 - httpx - INFO - HTTP Request: POST https://api.telegram.org/bot8892372438:AAFcEA3SIRY3056MQ6pNr0Ci8VC1JU0gSr8/getUpdates "HTTP/1.1 200 OK"
2026-08-07 16:52:38 - exchange - INFO - ✅ Загружено 805 тикеров
2026-08-07 16:52:38 - exchange - INFO - 🔍 0GUSDT: funding=0.0050%, nextFundingTime=1786118400000
2026-08-07 16:52:38 - exchange - INFO - ==================================================
2026-08-07 16:52:38 - exchange - INFO - 📊 СТАТИСТИКА СКАНИРОВАНИЯ
2026-08-07 16:52:38 - exchange - INFO - ==================================================
2026-08-07 16:52:38 - exchange - INFO -   Всего USDT фьючерсов:    805
2026-08-07 16:52:38 - exchange - INFO -   Есть спотовый рынок:     294
2026-08-07 16:52:38 - exchange - INFO -   Funding > 0:             224
2026-08-07 16:52:38 - exchange - INFO -   Funding >= 0.02%:        4
2026-08-07 16:52:38 - exchange - INFO -   Funding >= 0.05%:        4
2026-08-07 16:52:38 - exchange - INFO -   До выплаты <= 10 мин: 0
2026-08-07 16:52:38 - exchange - INFO -   Объем >= $1,000,000: 0
2026-08-07 16:52:38 - exchange - INFO - --------------------------------------------------
2026-08-07 16:52:38 - exchange - INFO -   ✅ НАЙДЕНО КАНДИДАТОВ:    0
2026-08-07 16:52:38 - exchange - INFO - ==================================================
2026-08-07 16:52:43 - httpx - INFO - HTTP Request: POST https://api.telegram.org/bot8892372438:AAFcEA3SIRY3056MQ6pNr0Ci8VC1JU0gSr8/getUpdates "HTTP/1.1 200 OK"
2026-08-07 16:52:53 - httpx - INFO - HTTP Request: POST https://api.telegram.org/bot8892372438:AAFcEA3SIRY3056MQ6pNr0Ci8VC1JU0gSr8/getUpdates "HTTP/1.1 200 OK"
2026-08-07 16:53:04 - httpx - INFO - HTTP Request: POST https://api.telegram.org/bot8892372438:AAFcEA3SIRY3056MQ6pNr0Ci8VC1JU0gSr8/getUpdates "HTTP/1.1 200 OK"
2026-08-07 16:53:09 - exchange - INFO - ✅ Загружено 805 тикеров
2026-08-07 16:53:09 - exchange - INFO - 🔍 0GUSDT: funding=0.0050%, nextFundingTime=1786118400000
2026-08-07 16:53:09 - exchange - INFO - ==================================================
2026-08-07 16:53:09 - exchange - INFO - 📊 СТАТИСТИКА СКАНИРОВАНИЯ
2026-08-07 16:53:09 - exchange - INFO - ==================================================
2026-08-07 16:53:09 - exchange - INFO -   Всего USDT фьючерсов:    805
2026-08-07 16:53:09 - exchange - INFO -   Есть спотовый рынок:     294
2026-08-07 16:53:09 - exchange - INFO -   Funding > 0:             224
2026-08-07 16:53:09 - exchange - INFO -   Funding >= 0.02%:        4
2026-08-07 16:53:09 - exchange - INFO -   Funding >= 0.05%:        4
2026-08-07 16:53:09 - exchange - INFO -   До выплаты <= 10 мин: 0
2026-08-07 16:53:09 - exchange - INFO -   Объем >= $1,000,000: 0
2026-08-07 16:53:09 - exchange - INFO - --------------------------------------------------
2026-08-07 16:53:09 - exchange - INFO -   ✅ НАЙДЕНО КАНДИДАТОВ:    0
2026-08-07 16:53:09 - exchange - INFO - ==================================================
2026-08-07 16:53:14 - httpx - INFO - HTTP Request: POST https://api.telegram.org/bot8892372438:AAFcEA3SIRY3056MQ6pNr0Ci8VC1JU0gSr8/getUpdates "HTTP/1.1 200 OK"
2026-08-07 16:53:25 - httpx - INFO - HTTP Request: POST https://api.telegram.org/bot8892372438:AAFcEA3SIRY3056MQ6pNr0Ci8VC1JU0gSr8/getUpdates "HTTP/1.1 200 OK"
2026-08-07 16:53:25 - telegram.ext.Updater - ERROR - Error while getting Updates: Unknown error in HTTP implementation: SSLError(1, '[SSL: DECRYPTION_FAILED_OR_BAD_RECORD_MAC] decryption failed or bad record mac (_ssl.c:2633)')
2026-08-07 16:53:25 - telegram.ext.Updater - ERROR - Exception happened while polling for updates.
Traceback (most recent call last):
  File "C:\Users\Alexandr\Desktop\Трейдинг\Fandingeasy\venv\lib\site-packages\telegram\request\_baserequest.py", line 330, in _request_wrapper
    code, payload = await self.do_request(
  File "C:\Users\Alexandr\Desktop\Трейдинг\Fandingeasy\venv\lib\site-packages\telegram\request\_httpxrequest.py", line 268, in do_request
    res = await self._client.request(
  File "C:\Users\Alexandr\Desktop\Трейдинг\Fandingeasy\venv\lib\site-packages\httpx\_client.py", line 1530, in request
    return await self.send(request, auth=auth, follow_redirects=follow_redirects)
  File "C:\Users\Alexandr\Desktop\Трейдинг\Fandingeasy\venv\lib\site-packages\httpx\_client.py", line 1617, in send
    response = await self._send_handling_auth(
  File "C:\Users\Alexandr\Desktop\Трейдинг\Fandingeasy\venv\lib\site-packages\httpx\_client.py", line 1645, in _send_handling_auth
    response = await self._send_handling_redirects(
  File "C:\Users\Alexandr\Desktop\Трейдинг\Fandingeasy\venv\lib\site-packages\httpx\_client.py", line 1682, in _send_handling_redirects
    response = await self._send_single_request(request)
  File "C:\Users\Alexandr\Desktop\Трейдинг\Fandingeasy\venv\lib\site-packages\httpx\_client.py", line 1719, in _send_single_request
    response = await transport.handle_async_request(request)
  File "C:\Users\Alexandr\Desktop\Трейдинг\Fandingeasy\venv\lib\site-packages\httpx\_transports\default.py", line 366, in handle_async_request
    resp = await self._pool.handle_async_request(req)
  File "C:\Users\Alexandr\Desktop\Трейдинг\Fandingeasy\venv\lib\site-packages\httpcore\_async\connection_pool.py", line 256, in handle_async_request
    raise exc from None
  File "C:\Users\Alexandr\Desktop\Трейдинг\Fandingeasy\venv\lib\site-packages\httpcore\_async\connection_pool.py", line 236, in handle_async_request
    response = await connection.handle_async_request(
  File "C:\Users\Alexandr\Desktop\Трейдинг\Fandingeasy\venv\lib\site-packages\httpcore\_async\connection.py", line 103, in handle_async_request
    return await self._connection.handle_async_request(request)
  File "C:\Users\Alexandr\Desktop\Трейдинг\Fandingeasy\venv\lib\site-packages\httpcore\_async\http11.py", line 136, in handle_async_request
    raise exc
  File "C:\Users\Alexandr\Desktop\Трейдинг\Fandingeasy\venv\lib\site-packages\httpcore\_async\http11.py", line 106, in handle_async_request
    ) = await self._receive_response_headers(**kwargs)
  File "C:\Users\Alexandr\Desktop\Трейдинг\Fandingeasy\venv\lib\site-packages\httpcore\_async\http11.py", line 177, in _receive_response_headers
    event = await self._receive_event(timeout=timeout)
  File "C:\Users\Alexandr\Desktop\Трейдинг\Fandingeasy\venv\lib\site-packages\httpcore\_async\http11.py", line 217, in _receive_event
    data = await self._network_stream.read(
  File "C:\Users\Alexandr\Desktop\Трейдинг\Fandingeasy\venv\lib\site-packages\httpcore\_backends\anyio.py", line 35, in read
    return await self._stream.receive(max_bytes=max_bytes)
  File "C:\Users\Alexandr\Desktop\Трейдинг\Fandingeasy\venv\lib\site-packages\anyio\streams\tls.py", line 244, in receive
    data = await self._call_sslobject_method(self._ssl_object.read, max_bytes)
  File "C:\Users\Alexandr\Desktop\Трейдинг\Fandingeasy\venv\lib\site-packages\anyio\streams\tls.py", line 180, in _call_sslobject_method
    result = func(*args)
  File "C:\Python39\lib\ssl.py", line 888, in read
    v = self._sslobj.read(len)
ssl.SSLError: [SSL: DECRYPTION_FAILED_OR_BAD_RECORD_MAC] decryption failed or bad record mac (_ssl.c:2633)

The above exception was the direct cause of the following exception:

Traceback (most recent call last):
  File "C:\Users\Alexandr\Desktop\Трейдинг\Fandingeasy\venv\lib\site-packages\telegram\ext\_updater.py", line 688, in _network_loop_retry
    if not await action_cb():
  File "C:\Users\Alexandr\Desktop\Трейдинг\Fandingeasy\venv\lib\site-packages\telegram\ext\_updater.py", line 384, in polling_action_cb
    raise exc
  File "C:\Users\Alexandr\Desktop\Трейдинг\Fandingeasy\venv\lib\site-packages\telegram\ext\_updater.py", line 373, in polling_action_cb
    updates = await self.bot.get_updates(
  File "C:\Users\Alexandr\Desktop\Трейдинг\Fandingeasy\venv\lib\site-packages\telegram\ext\_extbot.py", line 558, in get_updates
    updates = await super().get_updates(
  File "C:\Users\Alexandr\Desktop\Трейдинг\Fandingeasy\venv\lib\site-packages\telegram\_bot.py", line 525, in decorator
    result = await func(self, *args, **kwargs)  # skipcq: PYL-E1102
  File "C:\Users\Alexandr\Desktop\Трейдинг\Fandingeasy\venv\lib\site-packages\telegram\_bot.py", line 3584, in get_updates
    await self._post(
  File "C:\Users\Alexandr\Desktop\Трейдинг\Fandingeasy\venv\lib\site-packages\telegram\_bot.py", line 613, in _post
    return await self._do_post(
  File "C:\Users\Alexandr\Desktop\Трейдинг\Fandingeasy\venv\lib\site-packages\telegram\ext\_extbot.py", line 340, in _do_post
    return await super()._do_post(
  File "C:\Users\Alexandr\Desktop\Трейдинг\Fandingeasy\venv\lib\site-packages\telegram\_bot.py", line 641, in _do_post
    return await request.post(
  File "C:\Users\Alexandr\Desktop\Трейдинг\Fandingeasy\venv\lib\site-packages\telegram\request\_baserequest.py", line 200, in post
    result = await self._request_wrapper(
  File "C:\Users\Alexandr\Desktop\Трейдинг\Fandingeasy\venv\lib\site-packages\telegram\request\_baserequest.py", line 342, in _request_wrapper
    raise NetworkError(f"Unknown error in HTTP implementation: {exc!r}") from exc
telegram.error.NetworkError: Unknown error in HTTP implementation: SSLError(1, '[SSL: DECRYPTION_FAILED_OR_BAD_RECORD_MAC] decryption failed or bad record mac (_ssl.c:2633)')
2026-08-07 16:53:36 - httpx - INFO - HTTP Request: POST https://api.telegram.org/bot8892372438:AAFcEA3SIRY3056MQ6pNr0Ci8VC1JU0gSr8/getUpdates "HTTP/1.1 200 OK"
2026-08-07 16:53:39 - exchange - INFO - ✅ Загружено 805 тикеров
2026-08-07 16:53:39 - exchange - INFO - 🔍 0GUSDT: funding=0.0050%, nextFundingTime=1786118400000
2026-08-07 16:53:39 - exchange - INFO - ==================================================
2026-08-07 16:53:39 - exchange - INFO - 📊 СТАТИСТИКА СКАНИРОВАНИЯ
2026-08-07 16:53:39 - exchange - INFO - ==================================================
2026-08-07 16:53:39 - exchange - INFO -   Всего USDT фьючерсов:    805
2026-08-07 16:53:39 - exchange - INFO -   Есть спотовый рынок:     294
2026-08-07 16:53:39 - exchange - INFO -   Funding > 0:             224
2026-08-07 16:53:39 - exchange - INFO -   Funding >= 0.02%:        4
2026-08-07 16:53:39 - exchange - INFO -   Funding >= 0.05%:        4
2026-08-07 16:53:39 - exchange - INFO -   До выплаты <= 10 мин: 0
2026-08-07 16:53:39 - exchange - INFO -   Объем >= $1,000,000: 0
2026-08-07 16:53:39 - exchange - INFO - --------------------------------------------------
2026-08-07 16:53:39 - exchange - INFO -   ✅ НАЙДЕНО КАНДИДАТОВ:    0
2026-08-07 16:53:39 - exchange - INFO - ==================================================
2026-08-07 16:53:47 - httpx - INFO - HTTP Request: POST https://api.telegram.org/bot8892372438:AAFcEA3SIRY3056MQ6pNr0Ci8VC1JU0gSr8/getUpdates "HTTP/1.1 200 OK"
2026-08-07 16:53:58 - httpx - INFO - HTTP Request: POST https://api.telegram.org/bot8892372438:AAFcEA3SIRY3056MQ6pNr0Ci8VC1JU0gSr8/getUpdates "HTTP/1.1 200 OK"
2026-08-07 16:53:58 - telegram.ext.Updater - ERROR - Error while getting Updates: Unknown error in HTTP implementation: SSLError(1, '[SSL: DECRYPTION_FAILED_OR_BAD_RECORD_MAC] decryption failed or bad record mac (_ssl.c:2633)')
2026-08-07 16:53:58 - telegram.ext.Updater - ERROR - Exception happened while polling for updates.
Traceback (most recent call last):
  File "C:\Users\Alexandr\Desktop\Трейдинг\Fandingeasy\venv\lib\site-packages\telegram\request\_baserequest.py", line 330, in _request_wrapper
    code, payload = await self.do_request(
  File "C:\Users\Alexandr\Desktop\Трейдинг\Fandingeasy\venv\lib\site-packages\telegram\request\_httpxrequest.py", line 268, in do_request
    res = await self._client.request(
  File "C:\Users\Alexandr\Desktop\Трейдинг\Fandingeasy\venv\lib\site-packages\httpx\_client.py", line 1530, in request
    return await self.send(request, auth=auth, follow_redirects=follow_redirects)
  File "C:\Users\Alexandr\Desktop\Трейдинг\Fandingeasy\venv\lib\site-packages\httpx\_client.py", line 1617, in send
    response = await self._send_handling_auth(
  File "C:\Users\Alexandr\Desktop\Трейдинг\Fandingeasy\venv\lib\site-packages\httpx\_client.py", line 1645, in _send_handling_auth
    response = await self._send_handling_redirects(
  File "C:\Users\Alexandr\Desktop\Трейдинг\Fandingeasy\venv\lib\site-packages\httpx\_client.py", line 1682, in _send_handling_redirects
    response = await self._send_single_request(request)
  File "C:\Users\Alexandr\Desktop\Трейдинг\Fandingeasy\venv\lib\site-packages\httpx\_client.py", line 1719, in _send_single_request
    response = await transport.handle_async_request(request)
  File "C:\Users\Alexandr\Desktop\Трейдинг\Fandingeasy\venv\lib\site-packages\httpx\_transports\default.py", line 366, in handle_async_request
    resp = await self._pool.handle_async_request(req)
  File "C:\Users\Alexandr\Desktop\Трейдинг\Fandingeasy\venv\lib\site-packages\httpcore\_async\connection_pool.py", line 256, in handle_async_request
    raise exc from None
  File "C:\Users\Alexandr\Desktop\Трейдинг\Fandingeasy\venv\lib\site-packages\httpcore\_async\connection_pool.py", line 236, in handle_async_request
    response = await connection.handle_async_request(
  File "C:\Users\Alexandr\Desktop\Трейдинг\Fandingeasy\venv\lib\site-packages\httpcore\_async\connection.py", line 103, in handle_async_request
    return await self._connection.handle_async_request(request)
  File "C:\Users\Alexandr\Desktop\Трейдинг\Fandingeasy\venv\lib\site-packages\httpcore\_async\http11.py", line 136, in handle_async_request
    raise exc
  File "C:\Users\Alexandr\Desktop\Трейдинг\Fandingeasy\venv\lib\site-packages\httpcore\_async\http11.py", line 106, in handle_async_request
    ) = await self._receive_response_headers(**kwargs)
  File "C:\Users\Alexandr\Desktop\Трейдинг\Fandingeasy\venv\lib\site-packages\httpcore\_async\http11.py", line 177, in _receive_response_headers
    event = await self._receive_event(timeout=timeout)
  File "C:\Users\Alexandr\Desktop\Трейдинг\Fandingeasy\venv\lib\site-packages\httpcore\_async\http11.py", line 217, in _receive_event
    data = await self._network_stream.read(
  File "C:\Users\Alexandr\Desktop\Трейдинг\Fandingeasy\venv\lib\site-packages\httpcore\_backends\anyio.py", line 35, in read
    return await self._stream.receive(max_bytes=max_bytes)
  File "C:\Users\Alexandr\Desktop\Трейдинг\Fandingeasy\venv\lib\site-packages\anyio\streams\tls.py", line 244, in receive
    data = await self._call_sslobject_method(self._ssl_object.read, max_bytes)
  File "C:\Users\Alexandr\Desktop\Трейдинг\Fandingeasy\venv\lib\site-packages\anyio\streams\tls.py", line 180, in _call_sslobject_method
    result = func(*args)
  File "C:\Python39\lib\ssl.py", line 888, in read
    v = self._sslobj.read(len)
ssl.SSLError: [SSL: DECRYPTION_FAILED_OR_BAD_RECORD_MAC] decryption failed or bad record mac (_ssl.c:2633)

The above exception was the direct cause of the following exception:

Traceback (most recent call last):
  File "C:\Users\Alexandr\Desktop\Трейдинг\Fandingeasy\venv\lib\site-packages\telegram\ext\_updater.py", line 688, in _network_loop_retry
    if not await action_cb():
  File "C:\Users\Alexandr\Desktop\Трейдинг\Fandingeasy\venv\lib\site-packages\telegram\ext\_updater.py", line 384, in polling_action_cb
    raise exc
  File "C:\Users\Alexandr\Desktop\Трейдинг\Fandingeasy\venv\lib\site-packages\telegram\ext\_updater.py", line 373, in polling_action_cb
    updates = await self.bot.get_updates(
  File "C:\Users\Alexandr\Desktop\Трейдинг\Fandingeasy\venv\lib\site-packages\telegram\ext\_extbot.py", line 558, in get_updates
    updates = await super().get_updates(
  File "C:\Users\Alexandr\Desktop\Трейдинг\Fandingeasy\venv\lib\site-packages\telegram\_bot.py", line 525, in decorator
    result = await func(self, *args, **kwargs)  # skipcq: PYL-E1102
  File "C:\Users\Alexandr\Desktop\Трейдинг\Fandingeasy\venv\lib\site-packages\telegram\_bot.py", line 3584, in get_updates
    await self._post(
  File "C:\Users\Alexandr\Desktop\Трейдинг\Fandingeasy\venv\lib\site-packages\telegram\_bot.py", line 613, in _post
    return await self._do_post(
  File "C:\Users\Alexandr\Desktop\Трейдинг\Fandingeasy\venv\lib\site-packages\telegram\ext\_extbot.py", line 340, in _do_post
    return await super()._do_post(
  File "C:\Users\Alexandr\Desktop\Трейдинг\Fandingeasy\venv\lib\site-packages\telegram\_bot.py", line 641, in _do_post
    return await request.post(
  File "C:\Users\Alexandr\Desktop\Трейдинг\Fandingeasy\venv\lib\site-packages\telegram\request\_baserequest.py", line 200, in post
    result = await self._request_wrapper(
  File "C:\Users\Alexandr\Desktop\Трейдинг\Fandingeasy\venv\lib\site-packages\telegram\request\_baserequest.py", line 342, in _request_wrapper
    raise NetworkError(f"Unknown error in HTTP implementation: {exc!r}") from exc
telegram.error.NetworkError: Unknown error in HTTP implementation: SSLError(1, '[SSL: DECRYPTION_FAILED_OR_BAD_RECORD_MAC] decryption failed or bad record mac (_ssl.c:2633)')
2026-08-07 16:54:09 - exchange - INFO - ✅ Загружено 805 тикеров
2026-08-07 16:54:09 - exchange - INFO - 🔍 0GUSDT: funding=0.0050%, nextFundingTime=1786118400000
2026-08-07 16:54:09 - exchange - INFO - ==================================================
2026-08-07 16:54:09 - exchange - INFO - 📊 СТАТИСТИКА СКАНИРОВАНИЯ
2026-08-07 16:54:09 - exchange - INFO - ==================================================
2026-08-07 16:54:09 - exchange - INFO -   Всего USDT фьючерсов:    805
2026-08-07 16:54:09 - exchange - INFO -   Есть спотовый рынок:     294
2026-08-07 16:54:09 - exchange - INFO -   Funding > 0:             221
2026-08-07 16:54:09 - exchange - INFO -   Funding >= 0.02%:        4
2026-08-07 16:54:09 - exchange - INFO -   Funding >= 0.05%:        4
2026-08-07 16:54:09 - exchange - INFO -   До выплаты <= 10 мин: 0
2026-08-07 16:54:09 - exchange - INFO -   Объем >= $1,000,000: 0
2026-08-07 16:54:09 - exchange - INFO - --------------------------------------------------
2026-08-07 16:54:09 - exchange - INFO -   ✅ НАЙДЕНО КАНДИДАТОВ:    0
2026-08-07 16:54:09 - exchange - INFO - ==================================================
2026-08-07 16:54:09 - httpx - INFO - HTTP Request: POST https://api.telegram.org/bot8892372438:AAFcEA3SIRY3056MQ6pNr0Ci8VC1JU0gSr8/getUpdates "HTTP/1.1 200 OK"
2026-08-07 16:54:20 - httpx - INFO - HTTP Request: POST https://api.telegram.org/bot8892372438:AAFcEA3SIRY3056MQ6pNr0Ci8VC1JU0gSr8/getUpdates "HTTP/1.1 200 OK"
2026-08-07 16:54:22 - telegram.ext.Application - WARNING - Fetching updates got a asyncio.CancelledError. Ignoring as this task may onlybe closed via `Application.stop`.
2026-08-07 16:54:22 - telegram.ext.Application - INFO - Application is stopping. This might take a moment.
2026-08-07 16:54:22 - apscheduler.scheduler - INFO - Scheduler has been shut down
2026-08-07 16:54:22 - telegram.ext.Application - INFO - Application.stop() complete
2026-08-07 16:54:25 - httpx - INFO - HTTP Request: POST https://api.telegram.org/bot8892372438:AAFcEA3SIRY3056MQ6pNr0Ci8VC1JU0gSr8/getUpdates "HTTP/1.1 200 OK"
2026-08-07 16:54:25 - telegram_handlers - INFO - 👋 Бот завершил работу
2026-08-07 16:54:25 - root - INFO - 👋 Бот завершил работу
2026-08-07 17:11:47 - root - INFO - 
╔═══════════════════════════════════════════════════════╗
║                                                       ║
║   🚀 Funding Arbitrage Bot v1.0.0                    ║
║                                                       ║
║   📊 Анализ фандинга на Bybit                       ║
║   🤖 Telegram бот для арбитража                     ║
║                                                       ║
╚═══════════════════════════════════════════════════════╝
    
2026-08-07 17:11:47 - root - INFO - 📋 Текущие настройки:
2026-08-07 17:11:47 - root - INFO -   • Минимальный фандинг: 0.02%
2026-08-07 17:11:47 - root - INFO -   • Макс время до выплаты: 10 мин
2026-08-07 17:11:47 - root - INFO -   • Минимальный объем: $1,000,000
2026-08-07 17:11:47 - root - INFO -   • Интервал сканирования: 30 сек
2026-08-07 17:11:47 - root - INFO - 
2026-08-07 17:11:47 - root - INFO -   • Спот комиссия: 0.1% (покупка) + 0.1% (продажа)
2026-08-07 17:11:47 - root - INFO -   • Фьючерс комиссия: 0.02% (открытие) + 0.055% (закрытие)
2026-08-07 17:11:47 - root - INFO - ==================================================
2026-08-07 17:11:47 - root - INFO - ✅ Проверка окружения пройдена успешно
2026-08-07 17:11:47 - root - INFO - 📱 Инициализация Telegram бота...
2026-08-07 17:11:47 - root - INFO - ✅ Бот успешно инициализирован
2026-08-07 17:11:47 - root - INFO - 
2026-08-07 17:11:47 - root - INFO - 🚀 Запуск бота...
2026-08-07 17:11:47 - root - INFO - ⏳ Ожидайте уведомлений о найденных кандидатах
2026-08-07 17:11:47 - root - INFO - ==================================================
2026-08-07 17:11:47 - root - INFO - 
2026-08-07 17:11:47 - telegram_handlers - INFO - 🚀 Запуск Telegram бота...
2026-08-07 17:11:47 - httpx - INFO - HTTP Request: POST https://api.telegram.org/bot8892372438:AAFcEA3SIRY3056MQ6pNr0Ci8VC1JU0gSr8/deleteWebhook "HTTP/1.1 200 OK"
2026-08-07 17:11:47 - telegram_handlers - INFO - ✅ Webhook очищен
2026-08-07 17:11:47 - telegram_handlers - INFO - 🔄 Запуск фонового сканера...
2026-08-07 17:11:47 - scanner - INFO - 🔄 Scanner started with interval 30 seconds
2026-08-07 17:11:47 - exchange - INFO - ✅ Загружено 805 тикеров
2026-08-07 17:11:48 - exchange - INFO - ✅ Загружено 557 спотовых символов
2026-08-07 17:11:48 - exchange - INFO - 🕐 Текущее время UTC: 2026-08-07 14:11:48
2026-08-07 17:11:48 - exchange - INFO - 🔍 TACUSDT | funding=0.0733% | next=2026-08-07 16:00:00 UTC | minutes=108
2026-08-07 17:11:48 - exchange - INFO - ==================================================
2026-08-07 17:11:48 - exchange - INFO - 📊 СТАТИСТИКА СКАНИРОВАНИЯ
2026-08-07 17:11:48 - exchange - INFO - ==================================================
2026-08-07 17:11:48 - exchange - INFO -   Всего USDT фьючерсов:     805
2026-08-07 17:11:48 - exchange - INFO -   Есть спотовый рынок:      294
2026-08-07 17:11:48 - exchange - INFO -   Funding > 0:              218
2026-08-07 17:11:48 - exchange - INFO -   Funding >= 0.02%:         4
2026-08-07 17:11:48 - exchange - INFO -   Funding >= 0.05%:         4
2026-08-07 17:11:48 - exchange - INFO -   До выплаты <= 10 мин: 0
2026-08-07 17:11:48 - exchange - INFO -   Объем >= $1,000,000: 1
2026-08-07 17:11:48 - exchange - INFO - --------------------------------------------------
2026-08-07 17:11:48 - exchange - INFO -   ✅ ГОТОВЫ К ВХОДУ:        0
2026-08-07 17:11:48 - exchange - INFO -   ⏳ Будут готовы < 60 мин: 0
2026-08-07 17:11:48 - exchange - INFO - ==================================================
2026-08-07 17:11:48 - httpx - INFO - HTTP Request: POST https://api.telegram.org/bot8892372438:AAFcEA3SIRY3056MQ6pNr0Ci8VC1JU0gSr8/getMe "HTTP/1.1 200 OK"
2026-08-07 17:11:48 - apscheduler.scheduler - INFO - Scheduler started
2026-08-07 17:11:48 - telegram.ext.Application - INFO - Application started
2026-08-07 17:11:48 - httpx - INFO - HTTP Request: POST https://api.telegram.org/bot8892372438:AAFcEA3SIRY3056MQ6pNr0Ci8VC1JU0gSr8/deleteWebhook "HTTP/1.1 200 OK"
2026-08-07 17:11:48 - telegram_handlers - INFO - ✅ Бот успешно запущен и готов к работе!
2026-08-07 17:11:48 - telegram_handlers - INFO - 📱 Нажмите /start в Telegram для начала работы
2026-08-07 17:11:48 - telegram_handlers - INFO - ==================================================
2026-08-07 17:11:58 - httpx - INFO - HTTP Request: POST https://api.telegram.org/bot8892372438:AAFcEA3SIRY3056MQ6pNr0Ci8VC1JU0gSr8/getUpdates "HTTP/1.1 200 OK"
2026-08-07 17:12:06 - httpx - INFO - HTTP Request: POST https://api.telegram.org/bot8892372438:AAFcEA3SIRY3056MQ6pNr0Ci8VC1JU0gSr8/getUpdates "HTTP/1.1 200 OK"
2026-08-07 17:12:06 - telegram_handlers - INFO - 👤 Новый пользователь: 462035571 (chat_id: 462035571)
2026-08-07 17:12:06 - httpx - INFO - HTTP Request: POST https://api.telegram.org/bot8892372438:AAFcEA3SIRY3056MQ6pNr0Ci8VC1JU0gSr8/sendMessage "HTTP/1.1 200 OK"
2026-08-07 17:12:16 - httpx - INFO - HTTP Request: POST https://api.telegram.org/bot8892372438:AAFcEA3SIRY3056MQ6pNr0Ci8VC1JU0gSr8/getUpdates "HTTP/1.1 200 OK"
2026-08-07 17:12:18 - exchange - INFO - ✅ Загружено 805 тикеров
2026-08-07 17:12:18 - exchange - INFO - 🕐 Текущее время UTC: 2026-08-07 14:12:18
2026-08-07 17:12:18 - exchange - INFO - 🔍 TACUSDT | funding=0.0735% | next=2026-08-07 16:00:00 UTC | minutes=107
2026-08-07 17:12:18 - exchange - INFO - ==================================================
2026-08-07 17:12:18 - exchange - INFO - 📊 СТАТИСТИКА СКАНИРОВАНИЯ
2026-08-07 17:12:18 - exchange - INFO - ==================================================
2026-08-07 17:12:18 - exchange - INFO -   Всего USDT фьючерсов:     805
2026-08-07 17:12:18 - exchange - INFO -   Есть спотовый рынок:      294
2026-08-07 17:12:18 - exchange - INFO -   Funding > 0:              215
2026-08-07 17:12:18 - exchange - INFO -   Funding >= 0.02%:         4
2026-08-07 17:12:18 - exchange - INFO -   Funding >= 0.05%:         4
2026-08-07 17:12:18 - exchange - INFO -   До выплаты <= 10 мин: 0
2026-08-07 17:12:18 - exchange - INFO -   Объем >= $1,000,000: 1
2026-08-07 17:12:18 - exchange - INFO - --------------------------------------------------
2026-08-07 17:12:18 - exchange - INFO -   ✅ ГОТОВЫ К ВХОДУ:        0
2026-08-07 17:12:18 - exchange - INFO -   ⏳ Будут готовы < 60 мин: 0
2026-08-07 17:12:18 - exchange - INFO - ==================================================
2026-08-07 17:12:27 - httpx - INFO - HTTP Request: POST https://api.telegram.org/bot8892372438:AAFcEA3SIRY3056MQ6pNr0Ci8VC1JU0gSr8/getUpdates "HTTP/1.1 200 OK"
2026-08-07 17:12:37 - httpx - INFO - HTTP Request: POST https://api.telegram.org/bot8892372438:AAFcEA3SIRY3056MQ6pNr0Ci8VC1JU0gSr8/getUpdates "HTTP/1.1 200 OK"
2026-08-07 17:12:48 - httpx - INFO - HTTP Request: POST https://api.telegram.org/bot8892372438:AAFcEA3SIRY3056MQ6pNr0Ci8VC1JU0gSr8/getUpdates "HTTP/1.1 200 OK"
2026-08-07 17:12:48 - exchange - INFO - ✅ Загружено 805 тикеров
2026-08-07 17:12:48 - exchange - INFO - 🕐 Текущее время UTC: 2026-08-07 14:12:48
2026-08-07 17:12:48 - exchange - INFO - 🔍 TACUSDT | funding=0.0735% | next=2026-08-07 16:00:00 UTC | minutes=107
2026-08-07 17:12:48 - exchange - INFO - ==================================================
2026-08-07 17:12:48 - exchange - INFO - 📊 СТАТИСТИКА СКАНИРОВАНИЯ
2026-08-07 17:12:48 - exchange - INFO - ==================================================
2026-08-07 17:12:48 - exchange - INFO -   Всего USDT фьючерсов:     805
2026-08-07 17:12:48 - exchange - INFO -   Есть спотовый рынок:      294
2026-08-07 17:12:48 - exchange - INFO -   Funding > 0:              215
2026-08-07 17:12:48 - exchange - INFO -   Funding >= 0.02%:         4
2026-08-07 17:12:48 - exchange - INFO -   Funding >= 0.05%:         4
2026-08-07 17:12:48 - exchange - INFO -   До выплаты <= 10 мин: 0
2026-08-07 17:12:48 - exchange - INFO -   Объем >= $1,000,000: 1
2026-08-07 17:12:48 - exchange - INFO - --------------------------------------------------
2026-08-07 17:12:48 - exchange - INFO -   ✅ ГОТОВЫ К ВХОДУ:        0
2026-08-07 17:12:48 - exchange - INFO -   ⏳ Будут готовы < 60 мин: 0
2026-08-07 17:12:48 - exchange - INFO - ==================================================
2026-08-07 17:12:59 - httpx - INFO - HTTP Request: POST https://api.telegram.org/bot8892372438:AAFcEA3SIRY3056MQ6pNr0Ci8VC1JU0gSr8/getUpdates "HTTP/1.1 200 OK"
2026-08-07 17:13:09 - httpx - INFO - HTTP Request: POST https://api.telegram.org/bot8892372438:AAFcEA3SIRY3056MQ6pNr0Ci8VC1JU0gSr8/getUpdates "HTTP/1.1 200 OK"
2026-08-07 17:13:19 - exchange - INFO - ✅ Загружено 805 тикеров
2026-08-07 17:13:19 - exchange - INFO - 🕐 Текущее время UTC: 2026-08-07 14:13:19
2026-08-07 17:13:19 - exchange - INFO - 🔍 TACUSDT | funding=0.0742% | next=2026-08-07 16:00:00 UTC | minutes=106
2026-08-07 17:13:19 - exchange - INFO - ==================================================
2026-08-07 17:13:19 - exchange - INFO - 📊 СТАТИСТИКА СКАНИРОВАНИЯ
2026-08-07 17:13:19 - exchange - INFO - ==================================================
2026-08-07 17:13:19 - exchange - INFO -   Всего USDT фьючерсов:     805
2026-08-07 17:13:19 - exchange - INFO -   Есть спотовый рынок:      294
2026-08-07 17:13:19 - exchange - INFO -   Funding > 0:              215
2026-08-07 17:13:19 - exchange - INFO -   Funding >= 0.02%:         4
2026-08-07 17:13:19 - exchange - INFO -   Funding >= 0.05%:         4
2026-08-07 17:13:19 - exchange - INFO -   До выплаты <= 10 мин: 0
2026-08-07 17:13:19 - exchange - INFO -   Объем >= $1,000,000: 1
2026-08-07 17:13:19 - exchange - INFO - --------------------------------------------------
2026-08-07 17:13:19 - exchange - INFO -   ✅ ГОТОВЫ К ВХОДУ:        0
2026-08-07 17:13:19 - exchange - INFO -   ⏳ Будут готовы < 60 мин: 0
2026-08-07 17:13:19 - exchange - INFO - ==================================================
2026-08-07 17:13:20 - httpx - INFO - HTTP Request: POST https://api.telegram.org/bot8892372438:AAFcEA3SIRY3056MQ6pNr0Ci8VC1JU0gSr8/getUpdates "HTTP/1.1 200 OK"
2026-08-07 17:13:30 - httpx - INFO - HTTP Request: POST https://api.telegram.org/bot8892372438:AAFcEA3SIRY3056MQ6pNr0Ci8VC1JU0gSr8/getUpdates "HTTP/1.1 200 OK"
2026-08-07 17:13:41 - httpx - INFO - HTTP Request: POST https://api.telegram.org/bot8892372438:AAFcEA3SIRY3056MQ6pNr0Ci8VC1JU0gSr8/getUpdates "HTTP/1.1 200 OK"
2026-08-07 17:13:49 - exchange - INFO - ✅ Загружено 805 тикеров
2026-08-07 17:13:49 - exchange - INFO - 🕐 Текущее время UTC: 2026-08-07 14:13:49
2026-08-07 17:13:49 - exchange - INFO - 🔍 TACUSDT | funding=0.0742% | next=2026-08-07 16:00:00 UTC | minutes=106
2026-08-07 17:13:49 - exchange - INFO - ==================================================
2026-08-07 17:13:49 - exchange - INFO - 📊 СТАТИСТИКА СКАНИРОВАНИЯ
2026-08-07 17:13:49 - exchange - INFO - ==================================================
2026-08-07 17:13:49 - exchange - INFO -   Всего USDT фьючерсов:     805
2026-08-07 17:13:49 - exchange - INFO -   Есть спотовый рынок:      294
2026-08-07 17:13:49 - exchange - INFO -   Funding > 0:              215
2026-08-07 17:13:49 - exchange - INFO -   Funding >= 0.02%:         4
2026-08-07 17:13:49 - exchange - INFO -   Funding >= 0.05%:         4
2026-08-07 17:13:49 - exchange - INFO -   До выплаты <= 10 мин: 0
2026-08-07 17:13:49 - exchange - INFO -   Объем >= $1,000,000: 1
2026-08-07 17:13:49 - exchange - INFO - --------------------------------------------------
2026-08-07 17:13:49 - exchange - INFO -   ✅ ГОТОВЫ К ВХОДУ:        0
2026-08-07 17:13:49 - exchange - INFO -   ⏳ Будут готовы < 60 мин: 0
2026-08-07 17:13:49 - exchange - INFO - ==================================================
2026-08-07 17:13:51 - httpx - INFO - HTTP Request: POST https://api.telegram.org/bot8892372438:AAFcEA3SIRY3056MQ6pNr0Ci8VC1JU0gSr8/getUpdates "HTTP/1.1 200 OK"
2026-08-07 17:14:02 - httpx - INFO - HTTP Request: POST https://api.telegram.org/bot8892372438:AAFcEA3SIRY3056MQ6pNr0Ci8VC1JU0gSr8/getUpdates "HTTP/1.1 200 OK"
2026-08-07 17:14:12 - httpx - INFO - HTTP Request: POST https://api.telegram.org/bot8892372438:AAFcEA3SIRY3056MQ6pNr0Ci8VC1JU0gSr8/getUpdates "HTTP/1.1 200 OK"
2026-08-07 17:14:19 - exchange - INFO - ✅ Загружено 805 тикеров
2026-08-07 17:14:19 - exchange - INFO - 🕐 Текущее время UTC: 2026-08-07 14:14:19
2026-08-07 17:14:19 - exchange - INFO - 🔍 TACUSDT | funding=0.0739% | next=2026-08-07 16:00:00 UTC | minutes=105
2026-08-07 17:14:19 - exchange - INFO - ==================================================
2026-08-07 17:14:19 - exchange - INFO - 📊 СТАТИСТИКА СКАНИРОВАНИЯ
2026-08-07 17:14:19 - exchange - INFO - ==================================================
2026-08-07 17:14:19 - exchange - INFO -   Всего USDT фьючерсов:     805
2026-08-07 17:14:19 - exchange - INFO -   Есть спотовый рынок:      294
2026-08-07 17:14:19 - exchange - INFO -   Funding > 0:              216
2026-08-07 17:14:19 - exchange - INFO -   Funding >= 0.02%:         4
2026-08-07 17:14:19 - exchange - INFO -   Funding >= 0.05%:         4
2026-08-07 17:14:19 - exchange - INFO -   До выплаты <= 10 мин: 0
2026-08-07 17:14:19 - exchange - INFO -   Объем >= $1,000,000: 1
2026-08-07 17:14:19 - exchange - INFO - --------------------------------------------------
2026-08-07 17:14:19 - exchange - INFO -   ✅ ГОТОВЫ К ВХОДУ:        0
2026-08-07 17:14:19 - exchange - INFO -   ⏳ Будут готовы < 60 мин: 0
2026-08-07 17:14:19 - exchange - INFO - ==================================================
2026-08-07 17:14:23 - httpx - INFO - HTTP Request: POST https://api.telegram.org/bot8892372438:AAFcEA3SIRY3056MQ6pNr0Ci8VC1JU0gSr8/getUpdates "HTTP/1.1 200 OK"
2026-08-07 17:14:34 - httpx - INFO - HTTP Request: POST https://api.telegram.org/bot8892372438:AAFcEA3SIRY3056MQ6pNr0Ci8VC1JU0gSr8/getUpdates "HTTP/1.1 200 OK"
2026-08-07 17:14:44 - httpx - INFO - HTTP Request: POST https://api.telegram.org/bot8892372438:AAFcEA3SIRY3056MQ6pNr0Ci8VC1JU0gSr8/getUpdates "HTTP/1.1 200 OK"
2026-08-07 17:14:50 - exchange - INFO - ✅ Загружено 805 тикеров
2026-08-07 17:14:50 - exchange - INFO - 🕐 Текущее время UTC: 2026-08-07 14:14:50
2026-08-07 17:14:50 - exchange - INFO - 🔍 TACUSDT | funding=0.0739% | next=2026-08-07 16:00:00 UTC | minutes=105
2026-08-07 17:14:50 - exchange - INFO - ==================================================
2026-08-07 17:14:50 - exchange - INFO - 📊 СТАТИСТИКА СКАНИРОВАНИЯ
2026-08-07 17:14:50 - exchange - INFO - ==================================================
2026-08-07 17:14:50 - exchange - INFO -   Всего USDT фьючерсов:     805
2026-08-07 17:14:50 - exchange - INFO -   Есть спотовый рынок:      294
2026-08-07 17:14:50 - exchange - INFO -   Funding > 0:              216
2026-08-07 17:14:50 - exchange - INFO -   Funding >= 0.02%:         4
2026-08-07 17:14:50 - exchange - INFO -   Funding >= 0.05%:         4
2026-08-07 17:14:50 - exchange - INFO -   До выплаты <= 10 мин: 0
2026-08-07 17:14:50 - exchange - INFO -   Объем >= $1,000,000: 1
2026-08-07 17:14:50 - exchange - INFO - --------------------------------------------------
2026-08-07 17:14:50 - exchange - INFO -   ✅ ГОТОВЫ К ВХОДУ:        0
2026-08-07 17:14:50 - exchange - INFO -   ⏳ Будут готовы < 60 мин: 0
2026-08-07 17:14:50 - exchange - INFO - ==================================================
2026-08-07 17:14:55 - httpx - INFO - HTTP Request: POST https://api.telegram.org/bot8892372438:AAFcEA3SIRY3056MQ6pNr0Ci8VC1JU0gSr8/getUpdates "HTTP/1.1 200 OK"
2026-08-07 17:15:05 - httpx - INFO - HTTP Request: POST https://api.telegram.org/bot8892372438:AAFcEA3SIRY3056MQ6pNr0Ci8VC1JU0gSr8/getUpdates "HTTP/1.1 200 OK"
2026-08-07 17:15:06 - telegram.ext.Application - WARNING - Fetching updates got a asyncio.CancelledError. Ignoring as this task may onlybe closed via `Application.stop`.
2026-08-07 17:15:06 - telegram.ext.Application - INFO - Application is stopping. This might take a moment.
2026-08-07 17:15:06 - apscheduler.scheduler - INFO - Scheduler has been shut down
2026-08-07 17:15:06 - telegram.ext.Application - INFO - Application.stop() complete
2026-08-07 17:15:10 - httpx - INFO - HTTP Request: POST https://api.telegram.org/bot8892372438:AAFcEA3SIRY3056MQ6pNr0Ci8VC1JU0gSr8/getUpdates "HTTP/1.1 200 OK"
2026-08-07 17:15:10 - telegram_handlers - INFO - 👋 Бот завершил работу
2026-08-07 17:15:10 - root - INFO - 👋 Бот завершил работу
